module_url,module_name,activity_url,activity_name,activity_type,activity_date
http://kwhd.nankai.edu.cn/index/orderlist/type/1.aspx/p/1,讲座论坛,http://kwhd.nankai.edu.cn/index/orderview/id/15425.aspx,马克思主义学院2023年全国优秀大学生夏令营,【讲座论坛】,2023-06-28
http://kwhd.nankai.edu.cn/index/orderlist/type/1.aspx/p/1,讲座论坛,http://kwhd.nankai.edu.cn/index/orderview/id/15424.aspx,马克思主义学院2023年全国优秀大学生夏令营,【讲座论坛】,2023-06-29
http://kwhd.nankai.edu.cn/index/orderlist/type/1.aspx/p/1,讲座论坛,http://kwhd.nankai.edu.cn/index/orderview/id/15409.aspx,碳中和背景下环境多学科交叉前沿学术研讨会,【讲座论坛】,2023-06-17
http://kwhd.nankai.edu.cn/index/orderlist/type/1.aspx/p/1,讲座论坛,http://kwhd.nankai.edu.cn/index/orderview/id/15400.aspx,基金会内部会议,【讲座论坛】,2023-06-09
http://kwhd.nankai.edu.cn/index/orderlist/type/1.aspx/p/1,讲座论坛,http://kwhd.nankai.edu.cn/index/orderview/id/15399.aspx,成长计划大学物理期末复习讲座,【讲座论坛】,2023-06-10
http://kwhd.nankai.edu.cn/index/orderlist/type/1.aspx/p/1,讲座论坛,http://kwhd.nankai.edu.cn/index/orderview/id/15394.aspx,有机化学2-1成长计划讲座,【讲座论坛】,2023-06-11
http://kwhd.nankai.edu.cn/index/orderlist/type/1.aspx/p/1,讲座论坛,http://kwhd.nankai.edu.cn/index/orderview/id/15392.aspx,无机化学成长计划讲座,【讲座论坛】,2023-06-11
http://kwhd.nankai.edu.cn/index/orderlist/type/1.aspx/p/1,讲座论坛,http://kwhd.nankai.edu.cn/index/orderview/id/15390.aspx,有机化学2-1成长计划讲座,【讲座论坛】,2023-06-11
http://kwhd.nankai.edu.cn/index/orderlist/type/1.aspx/p/1,讲座论坛,http://kwhd.nankai.edu.cn/index/orderview/id/15378.aspx,结构化学成长计划期末讲座,【讲座论坛】,2023-06-10
http://kwhd.nankai.edu.cn/index/orderlist/type/1.aspx/p/1,讲座论坛,http://kwhd.nankai.edu.cn/index/orderview/id/15377.aspx,成长计划物化复习讲座,【讲座论坛】,2023-06-10
http://kwhd.nankai.edu.cn/index/orderlist/type/1.aspx/p/2,讲座论坛,http://kwhd.nankai.edu.cn/index/orderview/id/15370.aspx,成长计划大学物理期末复习讲座,【讲座论坛】,2023-06-03
http://kwhd.nankai.edu.cn/index/orderlist/type/1.aspx/p/2,讲座论坛,http://kwhd.nankai.edu.cn/index/orderview/id/15353.aspx,发展办会议,【讲座论坛】,2023-05-30
http://kwhd.nankai.edu.cn/index/orderlist/type/1.aspx/p/2,讲座论坛,http://kwhd.nankai.edu.cn/index/orderview/id/15345.aspx,大学物理成长计划第六次讲座,【讲座论坛】,2023-05-27
http://kwhd.nankai.edu.cn/index/orderlist/type/1.aspx/p/2,讲座论坛,http://kwhd.nankai.edu.cn/index/orderview/id/15305.aspx,三农学社分享会,【讲座论坛】,2023-05-28
http://kwhd.nankai.edu.cn/index/orderlist/type/1.aspx/p/2,讲座论坛,http://kwhd.nankai.edu.cn/index/orderview/id/15269.aspx,结构化学成长计划讲座,【讲座论坛】,2023-05-27
http://kwhd.nankai.edu.cn/index/orderlist/type/1.aspx/p/2,讲座论坛,http://kwhd.nankai.edu.cn/index/orderview/id/15266.aspx,高等数学成长计划讲座,【讲座论坛】,2023-05-28
http://kwhd.nankai.edu.cn/index/orderlist/type/1.aspx/p/2,讲座论坛,http://kwhd.nankai.edu.cn/index/orderview/id/15256.aspx,大学物理成长计划第六次讲座,【讲座论坛】,2023-05-26
http://kwhd.nankai.edu.cn/index/orderlist/type/1.aspx/p/2,讲座论坛,http://kwhd.nankai.edu.cn/index/orderview/id/15255.aspx,大学物理成长计划第五次讲座,【讲座论坛】,2023-05-28
http://kwhd.nankai.edu.cn/index/orderlist/type/1.aspx/p/2,讲座论坛,http://kwhd.nankai.edu.cn/index/orderview/id/15232.aspx,新民集团来访,【讲座论坛】,2023-05-19
http://kwhd.nankai.edu.cn/index/orderlist/type/1.aspx/p/2,讲座论坛,http://kwhd.nankai.edu.cn/index/orderview/id/15195.aspx,有机成长计划讲座,【讲座论坛】,2023-05-28
http://kwhd.nankai.edu.cn/index/orderlist/type/1.aspx/p/3,讲座论坛,http://kwhd.nankai.edu.cn/index/orderview/id/15192.aspx,大学物理成长计划第四次讲座,【讲座论坛】,2023-05-19
http://kwhd.nankai.edu.cn/index/orderlist/type/1.aspx/p/3,讲座论坛,http://kwhd.nankai.edu.cn/index/orderview/id/15189.aspx,心理讲座,【讲座论坛】,2023-05-25
http://kwhd.nankai.edu.cn/index/orderlist/type/1.aspx/p/3,讲座论坛,http://kwhd.nankai.edu.cn/index/orderview/id/15166.aspx,无机化学成长计划讲座,【讲座论坛】,2023-05-20
http://kwhd.nankai.edu.cn/index/orderlist/type/1.aspx/p/3,讲座论坛,http://kwhd.nankai.edu.cn/index/orderview/id/15146.aspx,“公能会客厅”――辅修、转专业讲座,【讲座论坛】,2023-05-18
http://kwhd.nankai.edu.cn/index/orderlist/type/1.aspx/p/3,讲座论坛,http://kwhd.nankai.edu.cn/index/orderview/id/15090.aspx,有机化学2-1成长计划讲座,【讲座论坛】,2023-05-14
http://kwhd.nankai.edu.cn/index/orderlist/type/1.aspx/p/3,讲座论坛,http://kwhd.nankai.edu.cn/index/orderview/id/15072.aspx,教育部配比核查,【讲座论坛】,2023-05-09
http://kwhd.nankai.edu.cn/index/orderlist/type/1.aspx/p/3,讲座论坛,http://kwhd.nankai.edu.cn/index/orderview/id/15069.aspx,中国古代家具、铜镜的鉴定要点及真伪对比 沙龙活动,【讲座论坛】,2023-05-21
http://kwhd.nankai.edu.cn/index/orderlist/type/1.aspx/p/3,讲座论坛,http://kwhd.nankai.edu.cn/index/orderview/id/15059.aspx,大学物理成长计划第三次讲座,【讲座论坛】,2023-05-12
http://kwhd.nankai.edu.cn/index/orderlist/type/1.aspx/p/3,讲座论坛,http://kwhd.nankai.edu.cn/index/orderview/id/15055.aspx,有机化学2-2成长计划第七次讲座,【讲座论坛】,2023-06-03
http://kwhd.nankai.edu.cn/index/orderlist/type/1.aspx/p/3,讲座论坛,http://kwhd.nankai.edu.cn/index/orderview/id/15054.aspx,有机化学2-2成长计划第六次讲座,【讲座论坛】,2023-05-27
http://kwhd.nankai.edu.cn/index/orderlist/type/1.aspx/p/4,讲座论坛,http://kwhd.nankai.edu.cn/index/orderview/id/15053.aspx,有机化学2-2成长计划第五次讲座,【讲座论坛】,2023-05-20
http://kwhd.nankai.edu.cn/index/orderlist/type/1.aspx/p/4,讲座论坛,http://kwhd.nankai.edu.cn/index/orderview/id/15052.aspx,有机化学2-2成长计划第四次讲座,【讲座论坛】,2023-05-13
http://kwhd.nankai.edu.cn/index/orderlist/type/1.aspx/p/4,讲座论坛,http://kwhd.nankai.edu.cn/index/orderview/id/15044.aspx,成长计划定量分析化学第二次讲座,【讲座论坛】,2023-05-20
http://kwhd.nankai.edu.cn/index/orderlist/type/1.aspx/p/4,讲座论坛,http://kwhd.nankai.edu.cn/index/orderview/id/15035.aspx,结构化学成长计划讲座,【讲座论坛】,2023-05-14
http://kwhd.nankai.edu.cn/index/orderlist/type/1.aspx/p/4,讲座论坛,http://kwhd.nankai.edu.cn/index/orderview/id/15026.aspx,成长计划大学物理第二次讲座,【讲座论坛】,2023-05-07
http://kwhd.nankai.edu.cn/index/orderlist/type/1.aspx/p/4,讲座论坛,http://kwhd.nankai.edu.cn/index/orderview/id/14932.aspx,高等数学成长计划讲座,【讲座论坛】,2023-05-14
http://kwhd.nankai.edu.cn/index/orderlist/type/1.aspx/p/4,讲座论坛,http://kwhd.nankai.edu.cn/index/orderview/id/14843.aspx,大学物理成长计划第二次讲座,【讲座论坛】,2023-04-23
http://kwhd.nankai.edu.cn/index/orderlist/type/1.aspx/p/4,讲座论坛,http://kwhd.nankai.edu.cn/index/orderview/id/14836.aspx,紫石榴工作室“筑学”计划讲座,【讲座论坛】,2023-04-23
http://kwhd.nankai.edu.cn/index/orderlist/type/1.aspx/p/4,讲座论坛,http://kwhd.nankai.edu.cn/index/orderview/id/14835.aspx,紫石榴工作室“筑学”计划讲座,【讲座论坛】,2023-04-23
http://kwhd.nankai.edu.cn/index/orderlist/type/1.aspx/p/4,讲座论坛,http://kwhd.nankai.edu.cn/index/orderview/id/14789.aspx,金融学院定向越野活动总结大会,【讲座论坛】,2023-04-27
http://kwhd.nankai.edu.cn/index/orderlist/type/1.aspx/p/5,讲座论坛,http://kwhd.nankai.edu.cn/index/orderview/id/14763.aspx,成长计划物化讲座,【讲座论坛】,2023-04-23
http://kwhd.nankai.edu.cn/index/orderlist/type/1.aspx/p/5,讲座论坛,http://kwhd.nankai.edu.cn/index/orderview/id/14720.aspx,数学建模大赛经验分享会,【讲座论坛】,2023-04-16
http://kwhd.nankai.edu.cn/index/orderlist/type/1.aspx/p/5,讲座论坛,http://kwhd.nankai.edu.cn/index/orderview/id/14716.aspx,辅导员理论研究能力提升实训实验室专题培训,【讲座论坛】,2023-04-27
http://kwhd.nankai.edu.cn/index/orderlist/type/1.aspx/p/5,讲座论坛,http://kwhd.nankai.edu.cn/index/orderview/id/14704.aspx,结构化学成长计划讲座,【讲座论坛】,2023-04-22
http://kwhd.nankai.edu.cn/index/orderlist/type/1.aspx/p/5,讲座论坛,http://kwhd.nankai.edu.cn/index/orderview/id/14684.aspx,第十九届“校长杯”辩论赛初赛,【讲座论坛】,2023-04-16
http://kwhd.nankai.edu.cn/index/orderlist/type/1.aspx/p/5,讲座论坛,http://kwhd.nankai.edu.cn/index/orderview/id/14635.aspx,“形势与政策”第2讲“在高质量发展中推进中国式现代化”,【讲座论坛】,2023-04-13
http://kwhd.nankai.edu.cn/index/orderlist/type/1.aspx/p/5,讲座论坛,http://kwhd.nankai.edu.cn/index/orderview/id/14617.aspx,京剧名家进校园――著名余派老生演员凌珂老师专题讲座，暨南开大学学生京剧团主题团日活动,【讲座论坛】,2023-04-22
http://kwhd.nankai.edu.cn/index/orderlist/type/1.aspx/p/5,讲座论坛,http://kwhd.nankai.edu.cn/index/orderview/id/14592.aspx,成长计划大学物理第一次讲座,【讲座论坛】,2023-04-09
http://kwhd.nankai.edu.cn/index/orderlist/type/1.aspx/p/5,讲座论坛,http://kwhd.nankai.edu.cn/index/orderview/id/14591.aspx,有机化学2-2成长计划第二次讲座,【讲座论坛】,2023-04-22
http://kwhd.nankai.edu.cn/index/orderlist/type/1.aspx/p/5,讲座论坛,http://kwhd.nankai.edu.cn/index/orderview/id/14560.aspx,成长计划 有机2-1,【讲座论坛】,2023-04-09
http://kwhd.nankai.edu.cn/index/orderlist/type/1.aspx/p/6,讲座论坛,http://kwhd.nankai.edu.cn/index/orderview/id/14497.aspx,高等数学成长计划讲座,【讲座论坛】,2023-04-09
http://kwhd.nankai.edu.cn/index/orderlist/type/1.aspx/p/6,讲座论坛,http://kwhd.nankai.edu.cn/index/orderview/id/14490.aspx,有机化学2-2成长计划第三次讲座,【讲座论坛】,2023-04-08
http://kwhd.nankai.edu.cn/index/orderlist/type/1.aspx/p/6,讲座论坛,http://kwhd.nankai.edu.cn/index/orderview/id/14489.aspx,有机化学2-2成长计划第二次讲座,【讲座论坛】,2023-04-08
http://kwhd.nankai.edu.cn/index/orderlist/type/1.aspx/p/6,讲座论坛,http://kwhd.nankai.edu.cn/index/orderview/id/14487.aspx,定量化学分析成长计划第一次讲座,【讲座论坛】,2023-04-09
http://kwhd.nankai.edu.cn/index/orderlist/type/1.aspx/p/6,讲座论坛,http://kwhd.nankai.edu.cn/index/orderview/id/14451.aspx,结构化学成长计划讲座,【讲座论坛】,2023-04-06
http://kwhd.nankai.edu.cn/index/orderlist/type/1.aspx/p/6,讲座论坛,http://kwhd.nankai.edu.cn/index/orderview/id/14449.aspx,大学物理成长计划第一次讲座,【讲座论坛】,2023-04-01
http://kwhd.nankai.edu.cn/index/orderlist/type/1.aspx/p/6,讲座论坛,http://kwhd.nankai.edu.cn/index/orderview/id/14441.aspx,教育科技人才一体统筹助推中国式现代化――形势与政策课（第一讲）,【讲座论坛】,2023-04-06
http://kwhd.nankai.edu.cn/index/orderlist/type/1.aspx/p/6,讲座论坛,http://kwhd.nankai.edu.cn/index/orderview/id/14394.aspx,文博学术讲座“延续与变革：中国新石器晚期至晚商的铃”,【讲座论坛】,2023-04-04
http://kwhd.nankai.edu.cn/index/orderlist/type/1.aspx/p/6,讲座论坛,http://kwhd.nankai.edu.cn/index/orderview/id/14392.aspx,爱乐音协主题团日活动,【讲座论坛】,2023-04-04
http://kwhd.nankai.edu.cn/index/orderlist/type/1.aspx/p/6,讲座论坛,http://kwhd.nankai.edu.cn/index/orderview/id/14385.aspx,有机化学2-2成长计划第一次讲座,【讲座论坛】,2023-04-01
http://kwhd.nankai.edu.cn/index/orderlist/type/1.aspx/p/7,讲座论坛,http://kwhd.nankai.edu.cn/index/orderview/id/14353.aspx,三农学社例会,【讲座论坛】,2023-04-02
http://kwhd.nankai.edu.cn/index/orderlist/type/1.aspx/p/7,讲座论坛,http://kwhd.nankai.edu.cn/index/orderview/id/14225.aspx,创客沙龙-全国大学生电子设计竞赛经验分享会,【讲座论坛】,2023-03-25
http://kwhd.nankai.edu.cn/index/orderlist/type/1.aspx/p/7,讲座论坛,http://kwhd.nankai.edu.cn/index/orderview/id/14187.aspx,形势与政策课――教育科技人才一体统筹助推中国式现代化,【讲座论坛】,2023-03-23
http://kwhd.nankai.edu.cn/index/orderlist/type/1.aspx/p/7,讲座论坛,http://kwhd.nankai.edu.cn/index/orderview/id/14163.aspx,毕业生留津意向情况调研,【讲座论坛】,2023-03-23
http://kwhd.nankai.edu.cn/index/orderlist/type/1.aspx/p/7,讲座论坛,http://kwhd.nankai.edu.cn/index/orderview/id/14153.aspx,对外经贸大学交流,【讲座论坛】,2023-03-23
http://kwhd.nankai.edu.cn/index/orderlist/type/1.aspx/p/7,讲座论坛,http://kwhd.nankai.edu.cn/index/orderview/id/14148.aspx,金融学院文艺之夜,【讲座论坛】,2023-04-08
http://kwhd.nankai.edu.cn/index/orderlist/type/1.aspx/p/7,讲座论坛,http://kwhd.nankai.edu.cn/index/orderview/id/14043.aspx,《自媒体创业与行业分析》专题培训,【讲座论坛】,2023-03-15
http://kwhd.nankai.edu.cn/index/orderlist/type/1.aspx/p/7,讲座论坛,http://kwhd.nankai.edu.cn/index/orderview/id/14009.aspx,经济社会发展现状及学业规划主题宣讲,【讲座论坛】,2023-03-16
http://kwhd.nankai.edu.cn/index/orderlist/type/1.aspx/p/7,讲座论坛,http://kwhd.nankai.edu.cn/index/orderview/id/14008.aspx,团校课程,【讲座论坛】,2023-04-08
http://kwhd.nankai.edu.cn/index/orderlist/type/1.aspx/p/7,讲座论坛,http://kwhd.nankai.edu.cn/index/orderview/id/14007.aspx,团校开学,【讲座论坛】,2023-03-16
http://kwhd.nankai.edu.cn/index/orderlist/type/1.aspx/p/8,讲座论坛,http://kwhd.nankai.edu.cn/index/orderview/id/13952.aspx,精品项目+新闻与传播学院学术训练营,【讲座论坛】,2023-03-26
http://kwhd.nankai.edu.cn/index/orderlist/type/1.aspx/p/8,讲座论坛,http://kwhd.nankai.edu.cn/index/orderview/id/13946.aspx,新闻与传播学院学术训练营活动,【讲座论坛】,2023-03-26
http://kwhd.nankai.edu.cn/index/orderlist/type/1.aspx/p/8,讲座论坛,http://kwhd.nankai.edu.cn/index/orderview/id/13942.aspx,【精品项目+“职来职往”与你讲述我的求职故事】,【讲座论坛】,2023-03-19
http://kwhd.nankai.edu.cn/index/orderlist/type/1.aspx/p/8,讲座论坛,http://kwhd.nankai.edu.cn/index/orderview/id/13934.aspx,有机化学习题课,【讲座论坛】,2023-03-12
http://kwhd.nankai.edu.cn/index/orderlist/type/1.aspx/p/8,讲座论坛,http://kwhd.nankai.edu.cn/index/orderview/id/13919.aspx,精品项目+马克思主义学院“午间学术沙龙”,【讲座论坛】,2023-03-10
http://kwhd.nankai.edu.cn/index/orderlist/type/1.aspx/p/8,讲座论坛,http://kwhd.nankai.edu.cn/index/orderview/id/13904.aspx,毕业生经验分享交流系列讲坛,【讲座论坛】,2023-05-18
http://kwhd.nankai.edu.cn/index/orderlist/type/1.aspx/p/8,讲座论坛,http://kwhd.nankai.edu.cn/index/orderview/id/13864.aspx,辅导员座谈会,【讲座论坛】,2023-03-09
http://kwhd.nankai.edu.cn/index/orderlist/type/1.aspx/p/8,讲座论坛,http://kwhd.nankai.edu.cn/index/orderview/id/13863.aspx,精品项目答辩,【讲座论坛】,2023-03-09
http://kwhd.nankai.edu.cn/index/orderlist/type/1.aspx/p/8,讲座论坛,http://kwhd.nankai.edu.cn/index/orderview/id/13846.aspx,“校长杯”经验分享讲座,【讲座论坛】,2023-03-08
http://kwhd.nankai.edu.cn/index/orderlist/type/1.aspx/p/8,讲座论坛,http://kwhd.nankai.edu.cn/index/orderview/id/13827.aspx,学工部党支部集中学习、组织生活会,【讲座论坛】,2023-03-10
http://kwhd.nankai.edu.cn/index/orderlist/type/1.aspx/p/9,讲座论坛,http://kwhd.nankai.edu.cn/index/orderview/id/13732.aspx,学工部党支部组织生活会,【讲座论坛】,2023-03-03
http://kwhd.nankai.edu.cn/index/orderlist/type/1.aspx/p/9,讲座论坛,http://kwhd.nankai.edu.cn/index/orderview/id/13665.aspx,军事教研室新学期军理课助教工作培训会,【讲座论坛】,2023-02-22
http://kwhd.nankai.edu.cn/index/orderlist/type/1.aspx/p/9,讲座论坛,http://kwhd.nankai.edu.cn/index/orderview/id/13559.aspx,系统测试,【讲座论坛】,2023-02-12
http://kwhd.nankai.edu.cn/index/orderlist/type/1.aspx/p/9,讲座论坛,http://kwhd.nankai.edu.cn/index/orderview/id/13550.aspx,南开大学周恩来政府管理学院国策论坛线上讲座,【讲座论坛】,2023-02-03
http://kwhd.nankai.edu.cn/index/orderlist/type/1.aspx/p/9,讲座论坛,http://kwhd.nankai.edu.cn/index/orderview/id/13537.aspx,成长计划大物讲座,【讲座论坛】,2022-12-03
http://kwhd.nankai.edu.cn/index/orderlist/type/1.aspx/p/9,讲座论坛,http://kwhd.nankai.edu.cn/index/orderview/id/13535.aspx,导师有约――研究生师生交流下午茶,【讲座论坛】,2022-12-01
http://kwhd.nankai.edu.cn/index/orderlist/type/1.aspx/p/9,讲座论坛,http://kwhd.nankai.edu.cn/index/orderview/id/13462.aspx,金实团校第四次“青马导师”系列讲座,【讲座论坛】,2022-11-24
http://kwhd.nankai.edu.cn/index/orderlist/type/1.aspx/p/9,讲座论坛,http://kwhd.nankai.edu.cn/index/orderview/id/13461.aspx,高等数学成长计划讲座,【讲座论坛】,2022-11-27
http://kwhd.nankai.edu.cn/index/orderlist/type/1.aspx/p/9,讲座论坛,http://kwhd.nankai.edu.cn/index/orderview/id/13417.aspx,计算机学院和网络空间安全学院本科生学习沙龙,【讲座论坛】,2022-11-27
http://kwhd.nankai.edu.cn/index/orderlist/type/1.aspx/p/9,讲座论坛,http://kwhd.nankai.edu.cn/index/orderview/id/13358.aspx,百项国创立项经验分享会,【讲座论坛】,2022-11-20
http://kwhd.nankai.edu.cn/index/orderlist/type/4.aspx/p/1,文艺演出,http://kwhd.nankai.edu.cn/index/orderview/id/15431.aspx,环境科学与工程学院毕业晚会彩排,【文艺演出】,2023-06-20
http://kwhd.nankai.edu.cn/index/orderlist/type/4.aspx/p/1,文艺演出,http://kwhd.nankai.edu.cn/index/orderview/id/15421.aspx,“思源堂之夜”――2023年南开大学医学院送毕业生晚会,【文艺演出】,2023-06-16
http://kwhd.nankai.edu.cn/index/orderlist/type/4.aspx/p/1,文艺演出,http://kwhd.nankai.edu.cn/index/orderview/id/15408.aspx,生命科学学院2023毕业晚会活动准备,【文艺演出】,2023-06-12
http://kwhd.nankai.edu.cn/index/orderlist/type/4.aspx/p/1,文艺演出,http://kwhd.nankai.edu.cn/index/orderview/id/15406.aspx,法学院2023届毕业歌会,【文艺演出】,2023-06-18
http://kwhd.nankai.edu.cn/index/orderlist/type/4.aspx/p/1,文艺演出,http://kwhd.nankai.edu.cn/index/orderview/id/15405.aspx,经济学院毕业晚会节目审核,【文艺演出】,2023-06-11
http://kwhd.nankai.edu.cn/index/orderlist/type/4.aspx/p/1,文艺演出,http://kwhd.nankai.edu.cn/index/orderview/id/15397.aspx,电光学院毕业晚会,【文艺演出】,2023-06-17
http://kwhd.nankai.edu.cn/index/orderlist/type/4.aspx/p/1,文艺演出,http://kwhd.nankai.edu.cn/index/orderview/id/15396.aspx,电光学院毕业晚会彩排,【文艺演出】,2023-06-18
http://kwhd.nankai.edu.cn/index/orderlist/type/4.aspx/p/1,文艺演出,http://kwhd.nankai.edu.cn/index/orderview/id/15379.aspx,环境学院2023届毕业晚会,【文艺演出】,2023-06-19
http://kwhd.nankai.edu.cn/index/orderlist/type/4.aspx/p/1,文艺演出,http://kwhd.nankai.edu.cn/index/orderview/id/15371.aspx,法学院原创话剧《祖国尊严的捍卫者――梅汝H》,【文艺演出】,2023-05-31
http://kwhd.nankai.edu.cn/index/orderlist/type/4.aspx/p/1,文艺演出,http://kwhd.nankai.edu.cn/index/orderview/id/15360.aspx,政府学院毕业晚会,【文艺演出】,2023-06-16
http://kwhd.nankai.edu.cn/index/orderlist/type/4.aspx/p/2,文艺演出,http://kwhd.nankai.edu.cn/index/orderview/id/15359.aspx,政府学院毕业晚会,【文艺演出】,2023-06-15
http://kwhd.nankai.edu.cn/index/orderlist/type/4.aspx/p/2,文艺演出,http://kwhd.nankai.edu.cn/index/orderview/id/15358.aspx,政府学院毕业晚会彩排,【文艺演出】,2023-06-14
http://kwhd.nankai.edu.cn/index/orderlist/type/4.aspx/p/2,文艺演出,http://kwhd.nankai.edu.cn/index/orderview/id/15347.aspx,《萧明华》排练,【文艺演出】,2023-06-03
http://kwhd.nankai.edu.cn/index/orderlist/type/4.aspx/p/2,文艺演出,http://kwhd.nankai.edu.cn/index/orderview/id/15346.aspx,法学院原创话剧《祖国尊严的捍卫者梅汝》,【文艺演出】,2023-05-31
http://kwhd.nankai.edu.cn/index/orderlist/type/4.aspx/p/2,文艺演出,http://kwhd.nankai.edu.cn/index/orderview/id/15340.aspx,法学院原创话剧《祖国尊严的捍卫者梅汝》排演,【文艺演出】,2023-06-04
http://kwhd.nankai.edu.cn/index/orderlist/type/4.aspx/p/2,文艺演出,http://kwhd.nankai.edu.cn/index/orderview/id/15338.aspx,药学院毕业晚会,【文艺演出】,2023-06-21
http://kwhd.nankai.edu.cn/index/orderlist/type/4.aspx/p/2,文艺演出,http://kwhd.nankai.edu.cn/index/orderview/id/15337.aspx,药学院毕业晚会彩排,【文艺演出】,2023-06-20
http://kwhd.nankai.edu.cn/index/orderlist/type/4.aspx/p/2,文艺演出,http://kwhd.nankai.edu.cn/index/orderview/id/15308.aspx,国乐相声协会毕业生相声专场（津南场）,【文艺演出】,2023-06-03
http://kwhd.nankai.edu.cn/index/orderlist/type/4.aspx/p/2,文艺演出,http://kwhd.nankai.edu.cn/index/orderview/id/15307.aspx,国乐相声协会毕业生相声专场（八里台场）,【文艺演出】,2023-06-02
http://kwhd.nankai.edu.cn/index/orderlist/type/4.aspx/p/2,文艺演出,http://kwhd.nankai.edu.cn/index/orderview/id/15264.aspx,金融学院话剧节门票发放,【文艺演出】,2023-05-24
http://kwhd.nankai.edu.cn/index/orderlist/type/4.aspx/p/3,文艺演出,http://kwhd.nankai.edu.cn/index/orderview/id/15258.aspx,法学院原创话剧《祖国尊严的捍卫者――梅汝H》排演,【文艺演出】,2023-06-01
http://kwhd.nankai.edu.cn/index/orderlist/type/4.aspx/p/3,文艺演出,http://kwhd.nankai.edu.cn/index/orderview/id/15257.aspx,金融学院话剧节排练,【文艺演出】,2023-05-24
http://kwhd.nankai.edu.cn/index/orderlist/type/4.aspx/p/3,文艺演出,http://kwhd.nankai.edu.cn/index/orderview/id/15252.aspx,金融学院话剧节门票发放,【文艺演出】,2023-05-23
http://kwhd.nankai.edu.cn/index/orderlist/type/4.aspx/p/3,文艺演出,http://kwhd.nankai.edu.cn/index/orderview/id/15218.aspx,《红色的天空》话剧走台,【文艺演出】,2023-05-29
http://kwhd.nankai.edu.cn/index/orderlist/type/4.aspx/p/3,文艺演出,http://kwhd.nankai.edu.cn/index/orderview/id/15217.aspx,金融学院话剧节彩排,【文艺演出】,2023-05-23
http://kwhd.nankai.edu.cn/index/orderlist/type/4.aspx/p/3,文艺演出,http://kwhd.nankai.edu.cn/index/orderview/id/15216.aspx,青年活力周末 八里台校区《红色的天空》话剧演出,【文艺演出】,2023-06-01
http://kwhd.nankai.edu.cn/index/orderlist/type/4.aspx/p/3,文艺演出,http://kwhd.nankai.edu.cn/index/orderview/id/15190.aspx,“薪火百年，共话南开”金融学院第七届话剧节,【文艺演出】,2023-05-26
http://kwhd.nankai.edu.cn/index/orderlist/type/4.aspx/p/3,文艺演出,http://kwhd.nankai.edu.cn/index/orderview/id/15170.aspx,金融学院话剧节,【文艺演出】,2023-05-22
http://kwhd.nankai.edu.cn/index/orderlist/type/4.aspx/p/3,文艺演出,http://kwhd.nankai.edu.cn/index/orderview/id/15158.aspx,国乐相声协会小型专场演出,【文艺演出】,2023-05-21
http://kwhd.nankai.edu.cn/index/orderlist/type/4.aspx/p/3,文艺演出,http://kwhd.nankai.edu.cn/index/orderview/id/15149.aspx,“薪火百年，共话南开”金融学院第七届话剧节彩排,【文艺演出】,2023-05-19
http://kwhd.nankai.edu.cn/index/orderlist/type/4.aspx/p/4,文艺演出,http://kwhd.nankai.edu.cn/index/orderview/id/15140.aspx,“薪火百年，共话南开”金融学院第七届话剧节彩排,【文艺演出】,2023-05-20
http://kwhd.nankai.edu.cn/index/orderlist/type/4.aspx/p/4,文艺演出,http://kwhd.nankai.edu.cn/index/orderview/id/15138.aspx,八里台校区冰火舞蹈团专场排练,【文艺演出】,2023-05-19
http://kwhd.nankai.edu.cn/index/orderlist/type/4.aspx/p/4,文艺演出,http://kwhd.nankai.edu.cn/index/orderview/id/15126.aspx,金融学院五月的鲜花合唱比赛候场,【文艺演出】,2023-05-14
http://kwhd.nankai.edu.cn/index/orderlist/type/4.aspx/p/4,文艺演出,http://kwhd.nankai.edu.cn/index/orderview/id/15122.aspx,520草地音乐会,【文艺演出】,2023-05-19
http://kwhd.nankai.edu.cn/index/orderlist/type/4.aspx/p/4,文艺演出,http://kwhd.nankai.edu.cn/index/orderview/id/15113.aspx,津南专场宣传海报张贴,【文艺演出】,2023-05-16
http://kwhd.nankai.edu.cn/index/orderlist/type/4.aspx/p/4,文艺演出,http://kwhd.nankai.edu.cn/index/orderview/id/15112.aspx,津南专场线下放票,【文艺演出】,2023-05-19
http://kwhd.nankai.edu.cn/index/orderlist/type/4.aspx/p/4,文艺演出,http://kwhd.nankai.edu.cn/index/orderview/id/15105.aspx,外文剧社金陵十三钗宣传,【文艺演出】,2023-05-12
http://kwhd.nankai.edu.cn/index/orderlist/type/4.aspx/p/4,文艺演出,http://kwhd.nankai.edu.cn/index/orderview/id/15104.aspx,青年活力周末“初夏微风扬，青春不散场”草坪歌会,【文艺演出】,2023-05-13
http://kwhd.nankai.edu.cn/index/orderlist/type/4.aspx/p/4,文艺演出,http://kwhd.nankai.edu.cn/index/orderview/id/15076.aspx,电光学院“五月的鲜花”合唱候场,【文艺演出】,2023-05-13
http://kwhd.nankai.edu.cn/index/orderlist/type/4.aspx/p/4,文艺演出,http://kwhd.nankai.edu.cn/index/orderview/id/15075.aspx,新传学院五月的鲜花合唱排练,【文艺演出】,2023-05-11
http://kwhd.nankai.edu.cn/index/orderlist/type/4.aspx/p/5,文艺演出,http://kwhd.nankai.edu.cn/index/orderview/id/15074.aspx,新传学院五月的鲜花合唱排练,【文艺演出】,2023-05-10
http://kwhd.nankai.edu.cn/index/orderlist/type/4.aspx/p/5,文艺演出,http://kwhd.nankai.edu.cn/index/orderview/id/15068.aspx,金融学院话剧演出彩排,【文艺演出】,2023-05-11
http://kwhd.nankai.edu.cn/index/orderlist/type/4.aspx/p/5,文艺演出,http://kwhd.nankai.edu.cn/index/orderview/id/15067.aspx,“薪火百年，共话南开”金融学院第七届话剧节,【文艺演出】,2023-05-25
http://kwhd.nankai.edu.cn/index/orderlist/type/4.aspx/p/5,文艺演出,http://kwhd.nankai.edu.cn/index/orderview/id/15064.aspx,金融学院五月的鲜花排练,【文艺演出】,2023-05-10
http://kwhd.nankai.edu.cn/index/orderlist/type/4.aspx/p/5,文艺演出,http://kwhd.nankai.edu.cn/index/orderview/id/15057.aspx,外文剧社金陵十三钗宣传,【文艺演出】,2023-05-09
http://kwhd.nankai.edu.cn/index/orderlist/type/4.aspx/p/5,文艺演出,http://kwhd.nankai.edu.cn/index/orderview/id/15056.aspx,外文剧社金陵十三钗宣传,【文艺演出】,2023-05-08
http://kwhd.nankai.edu.cn/index/orderlist/type/4.aspx/p/5,文艺演出,http://kwhd.nankai.edu.cn/index/orderview/id/15049.aspx,五月的鲜花合唱排练,【文艺演出】,2023-05-08
http://kwhd.nankai.edu.cn/index/orderlist/type/4.aspx/p/5,文艺演出,http://kwhd.nankai.edu.cn/index/orderview/id/15045.aspx,新闻与传播学院五月的鲜花合唱比赛排练,【文艺演出】,2023-05-08
http://kwhd.nankai.edu.cn/index/orderlist/type/4.aspx/p/5,文艺演出,http://kwhd.nankai.edu.cn/index/orderview/id/15027.aspx,金融学院五月的鲜花排练,【文艺演出】,2023-05-06
http://kwhd.nankai.edu.cn/index/orderlist/type/4.aspx/p/5,文艺演出,http://kwhd.nankai.edu.cn/index/orderview/id/15025.aspx,历史学院“五月的鲜花”合唱排练,【文艺演出】,2023-05-07
http://kwhd.nankai.edu.cn/index/orderlist/type/4.aspx/p/6,文艺演出,http://kwhd.nankai.edu.cn/index/orderview/id/15024.aspx,“流光来雅气，挥袖话知音”节气主题舞会,【文艺演出】,2023-06-01
http://kwhd.nankai.edu.cn/index/orderlist/type/4.aspx/p/6,文艺演出,http://kwhd.nankai.edu.cn/index/orderview/id/14997.aspx,周恩来政府管理学院“沸海方舟”话剧排练,【文艺演出】,2023-05-06
http://kwhd.nankai.edu.cn/index/orderlist/type/4.aspx/p/6,文艺演出,http://kwhd.nankai.edu.cn/index/orderview/id/14996.aspx,生命科学学院公益之光――“明盲”交流会暨专场音乐会,【文艺演出】,2023-05-13
http://kwhd.nankai.edu.cn/index/orderlist/type/4.aspx/p/6,文艺演出,http://kwhd.nankai.edu.cn/index/orderview/id/14980.aspx,电光学院“五月的鲜花”第十四次排练,【文艺演出】,2023-05-12
http://kwhd.nankai.edu.cn/index/orderlist/type/4.aspx/p/6,文艺演出,http://kwhd.nankai.edu.cn/index/orderview/id/14979.aspx,电光学院“五月的鲜花”第十三次排练,【文艺演出】,2023-05-11
http://kwhd.nankai.edu.cn/index/orderlist/type/4.aspx/p/6,文艺演出,http://kwhd.nankai.edu.cn/index/orderview/id/14974.aspx,翔宇剧社《破阵子》校外演出,【文艺演出】,2023-05-13
http://kwhd.nankai.edu.cn/index/orderlist/type/4.aspx/p/6,文艺演出,http://kwhd.nankai.edu.cn/index/orderview/id/14969.aspx,材料学院“五月的鲜花”合唱排练,【文艺演出】,2023-05-06
http://kwhd.nankai.edu.cn/index/orderlist/type/4.aspx/p/6,文艺演出,http://kwhd.nankai.edu.cn/index/orderview/id/14964.aspx,冰火舞蹈团下线放票活动,【文艺演出】,2023-05-18
http://kwhd.nankai.edu.cn/index/orderlist/type/4.aspx/p/6,文艺演出,http://kwhd.nankai.edu.cn/index/orderview/id/14957.aspx,哲学院五月的鲜花排练,【文艺演出】,2023-05-10
http://kwhd.nankai.edu.cn/index/orderlist/type/4.aspx/p/6,文艺演出,http://kwhd.nankai.edu.cn/index/orderview/id/14950.aspx,国乐相声协会二十周年――老会员相声专场,【文艺演出】,2023-05-13
http://kwhd.nankai.edu.cn/index/orderlist/type/4.aspx/p/7,文艺演出,http://kwhd.nankai.edu.cn/index/orderview/id/14945.aspx,五月的鲜花合唱排练,【文艺演出】,2023-05-07
http://kwhd.nankai.edu.cn/index/orderlist/type/4.aspx/p/7,文艺演出,http://kwhd.nankai.edu.cn/index/orderview/id/14944.aspx,人工智能学院合唱彩排,【文艺演出】,2023-05-12
http://kwhd.nankai.edu.cn/index/orderlist/type/4.aspx/p/7,文艺演出,http://kwhd.nankai.edu.cn/index/orderview/id/14943.aspx,人工智能合唱彩排,【文艺演出】,2023-05-12
http://kwhd.nankai.edu.cn/index/orderlist/type/4.aspx/p/7,文艺演出,http://kwhd.nankai.edu.cn/index/orderview/id/14942.aspx,人工智能学院合唱彩排,【文艺演出】,2023-05-08
http://kwhd.nankai.edu.cn/index/orderlist/type/4.aspx/p/7,文艺演出,http://kwhd.nankai.edu.cn/index/orderview/id/14941.aspx,人工智能学院合唱彩排,【文艺演出】,2023-05-05
http://kwhd.nankai.edu.cn/index/orderlist/type/4.aspx/p/7,文艺演出,http://kwhd.nankai.edu.cn/index/orderview/id/14940.aspx,人工智能学院五月的鲜花彩排,【文艺演出】,2023-05-05
http://kwhd.nankai.edu.cn/index/orderlist/type/4.aspx/p/7,文艺演出,http://kwhd.nankai.edu.cn/index/orderview/id/14939.aspx,环境学院五月鲜花排练,【文艺演出】,2023-06-18
http://kwhd.nankai.edu.cn/index/orderlist/type/4.aspx/p/7,文艺演出,http://kwhd.nankai.edu.cn/index/orderview/id/14934.aspx,环境学院五月鲜花排练,【文艺演出】,2023-05-11
http://kwhd.nankai.edu.cn/index/orderlist/type/4.aspx/p/7,文艺演出,http://kwhd.nankai.edu.cn/index/orderview/id/14925.aspx,医学院五月的鲜花排练,【文艺演出】,2023-05-10
http://kwhd.nankai.edu.cn/index/orderlist/type/4.aspx/p/7,文艺演出,http://kwhd.nankai.edu.cn/index/orderview/id/14913.aspx,历史学院“五月的鲜花”合唱排练,【文艺演出】,2023-05-06
http://kwhd.nankai.edu.cn/index/orderlist/type/4.aspx/p/8,文艺演出,http://kwhd.nankai.edu.cn/index/orderview/id/14911.aspx,药学院22级“五月的鲜花”班班唱,【文艺演出】,2023-05-09
http://kwhd.nankai.edu.cn/index/orderlist/type/4.aspx/p/8,文艺演出,http://kwhd.nankai.edu.cn/index/orderview/id/14910.aspx,药学院22级“五月的鲜花”班班唱,【文艺演出】,2023-05-08
http://kwhd.nankai.edu.cn/index/orderlist/type/4.aspx/p/8,文艺演出,http://kwhd.nankai.edu.cn/index/orderview/id/14900.aspx,历史学院“停云合唱团”排练活动,【文艺演出】,2023-05-16
http://kwhd.nankai.edu.cn/index/orderlist/type/4.aspx/p/8,文艺演出,http://kwhd.nankai.edu.cn/index/orderview/id/14899.aspx,历史学院“五月的鲜花”合唱排练活动,【文艺演出】,2023-05-09
http://kwhd.nankai.edu.cn/index/orderlist/type/4.aspx/p/8,文艺演出,http://kwhd.nankai.edu.cn/index/orderview/id/14896.aspx,历史学院“五月的鲜花”合唱排练,【文艺演出】,2023-04-25
http://kwhd.nankai.edu.cn/index/orderlist/type/4.aspx/p/8,文艺演出,http://kwhd.nankai.edu.cn/index/orderview/id/14892.aspx,冰火舞蹈团（八里台）毕业生专场演出,【文艺演出】,2023-05-21
http://kwhd.nankai.edu.cn/index/orderlist/type/4.aspx/p/8,文艺演出,http://kwhd.nankai.edu.cn/index/orderview/id/14891.aspx,冰火舞蹈团（八里台）毕业生专场演出,【文艺演出】,2023-05-21
http://kwhd.nankai.edu.cn/index/orderlist/type/4.aspx/p/8,文艺演出,http://kwhd.nankai.edu.cn/index/orderview/id/14890.aspx,冰火舞蹈团（八里台）毕业生专场演出彩排,【文艺演出】,2023-05-13
http://kwhd.nankai.edu.cn/index/orderlist/type/4.aspx/p/8,文艺演出,http://kwhd.nankai.edu.cn/index/orderview/id/14884.aspx,五月的鲜花合唱排练,【文艺演出】,2023-04-27
http://kwhd.nankai.edu.cn/index/orderlist/type/4.aspx/p/8,文艺演出,http://kwhd.nankai.edu.cn/index/orderview/id/14881.aspx,话剧《萧明华》领导会晤,【文艺演出】,2023-04-24
http://kwhd.nankai.edu.cn/index/orderlist/type/4.aspx/p/9,文艺演出,http://kwhd.nankai.edu.cn/index/orderview/id/14859.aspx,电光学院“五月的鲜花”第十二次排练,【文艺演出】,2023-05-05
http://kwhd.nankai.edu.cn/index/orderlist/type/4.aspx/p/9,文艺演出,http://kwhd.nankai.edu.cn/index/orderview/id/14858.aspx,电光学院“五月的鲜花”第十一次排练,【文艺演出】,2023-05-04
http://kwhd.nankai.edu.cn/index/orderlist/type/4.aspx/p/9,文艺演出,http://kwhd.nankai.edu.cn/index/orderview/id/14841.aspx,电光学院“五月的鲜花”第九次排练,【文艺演出】,2023-04-28
http://kwhd.nankai.edu.cn/index/orderlist/type/4.aspx/p/9,文艺演出,http://kwhd.nankai.edu.cn/index/orderview/id/14840.aspx,电光学院“五月的鲜花”第九次排练,【文艺演出】,2023-04-27
http://kwhd.nankai.edu.cn/index/orderlist/type/4.aspx/p/9,文艺演出,http://kwhd.nankai.edu.cn/index/orderview/id/14830.aspx,南开钢琴社夏季音乐会,【文艺演出】,2023-06-03
http://kwhd.nankai.edu.cn/index/orderlist/type/4.aspx/p/9,文艺演出,http://kwhd.nankai.edu.cn/index/orderview/id/14829.aspx,五月的鲜花彩排,【文艺演出】,2023-04-20
http://kwhd.nankai.edu.cn/index/orderlist/type/4.aspx/p/9,文艺演出,http://kwhd.nankai.edu.cn/index/orderview/id/14820.aspx,织音吉他社约琴活动（津南）,【文艺演出】,2023-04-27
http://kwhd.nankai.edu.cn/index/orderlist/type/4.aspx/p/9,文艺演出,http://kwhd.nankai.edu.cn/index/orderview/id/14819.aspx,织音吉他社约琴活动（八里台）,【文艺演出】,2023-04-27
http://kwhd.nankai.edu.cn/index/orderlist/type/4.aspx/p/9,文艺演出,http://kwhd.nankai.edu.cn/index/orderview/id/14816.aspx,主持人大赛复赛,【文艺演出】,2023-05-14
http://kwhd.nankai.edu.cn/index/orderlist/type/4.aspx/p/9,文艺演出,http://kwhd.nankai.edu.cn/index/orderview/id/14815.aspx,主持人风采大赛初赛,【文艺演出】,2023-05-07
http://kwhd.nankai.edu.cn/index/orderlist/type/3.aspx/p/1,体育活动,http://kwhd.nankai.edu.cn/index/orderview/id/15341.aspx,“抖音杯”高校篮球赛――南开大学站,【体育活动】,2023-05-28
http://kwhd.nankai.edu.cn/index/orderlist/type/3.aspx/p/1,体育活动,http://kwhd.nankai.edu.cn/index/orderview/id/15325.aspx,院长杯羽毛球赛决赛,【体育活动】,2023-06-01
http://kwhd.nankai.edu.cn/index/orderlist/type/3.aspx/p/1,体育活动,http://kwhd.nankai.edu.cn/index/orderview/id/15290.aspx,外国语学院“院长杯”女子篮球决赛,【体育活动】,2023-06-01
http://kwhd.nankai.edu.cn/index/orderlist/type/3.aspx/p/1,体育活动,http://kwhd.nankai.edu.cn/index/orderview/id/15289.aspx,外国语学院“院长杯”篮球赛及毕业生告别篮球赛,【体育活动】,2023-05-26
http://kwhd.nankai.edu.cn/index/orderlist/type/3.aspx/p/1,体育活动,http://kwhd.nankai.edu.cn/index/orderview/id/15286.aspx,飞盘友谊赛,【体育活动】,2023-06-02
http://kwhd.nankai.edu.cn/index/orderlist/type/3.aspx/p/1,体育活动,http://kwhd.nankai.edu.cn/index/orderview/id/15196.aspx,人工智能学院趣味运动会,【体育活动】,2023-05-25
http://kwhd.nankai.edu.cn/index/orderlist/type/3.aspx/p/1,体育活动,http://kwhd.nankai.edu.cn/index/orderview/id/15191.aspx,荧光夜跑,【体育活动】,2023-05-20
http://kwhd.nankai.edu.cn/index/orderlist/type/3.aspx/p/1,体育活动,http://kwhd.nankai.edu.cn/index/orderview/id/15186.aspx,数学科学学院师生趣味运动会,【体育活动】,2023-05-25
http://kwhd.nankai.edu.cn/index/orderlist/type/3.aspx/p/1,体育活动,http://kwhd.nankai.edu.cn/index/orderview/id/15183.aspx,联大三校足球友谊赛,【体育活动】,2023-05-27
http://kwhd.nankai.edu.cn/index/orderlist/type/3.aspx/p/1,体育活动,http://kwhd.nankai.edu.cn/index/orderview/id/15167.aspx,2023年周政“院长杯”羽毛球赛事,【体育活动】,2023-05-22
http://kwhd.nankai.edu.cn/index/orderlist/type/3.aspx/p/2,体育活动,http://kwhd.nankai.edu.cn/index/orderview/id/15156.aspx,法学院师生趣味运动会,【体育活动】,2023-05-25
http://kwhd.nankai.edu.cn/index/orderlist/type/3.aspx/p/2,体育活动,http://kwhd.nankai.edu.cn/index/orderview/id/15143.aspx,“羽动电光”研究生羽毛球赛,【体育活动】,2023-05-20
http://kwhd.nankai.edu.cn/index/orderlist/type/3.aspx/p/2,体育活动,http://kwhd.nankai.edu.cn/index/orderview/id/15085.aspx,化学学院2023年院长杯乒乓球赛,【体育活动】,2023-05-14
http://kwhd.nankai.edu.cn/index/orderlist/type/3.aspx/p/2,体育活动,http://kwhd.nankai.edu.cn/index/orderview/id/15017.aspx,黄埔团校定向越野（津南）,【体育活动】,2023-05-14
http://kwhd.nankai.edu.cn/index/orderlist/type/3.aspx/p/2,体育活动,http://kwhd.nankai.edu.cn/index/orderview/id/14998.aspx,2023“夏季选项班”排球联赛,【体育活动】,2023-05-11
http://kwhd.nankai.edu.cn/index/orderlist/type/3.aspx/p/2,体育活动,http://kwhd.nankai.edu.cn/index/orderview/id/14995.aspx,商学院师生趣味运动嘉年华,【体育活动】,2023-05-18
http://kwhd.nankai.edu.cn/index/orderlist/type/3.aspx/p/2,体育活动,http://kwhd.nankai.edu.cn/index/orderview/id/14937.aspx,校长杯女篮周政VS金融,【体育活动】,2023-05-07
http://kwhd.nankai.edu.cn/index/orderlist/type/3.aspx/p/2,体育活动,http://kwhd.nankai.edu.cn/index/orderview/id/14935.aspx,"""师生同心行，运动展风采""外国语学院师生趣味运动会",【体育活动】,2023-05-12
http://kwhd.nankai.edu.cn/index/orderlist/type/3.aspx/p/2,体育活动,http://kwhd.nankai.edu.cn/index/orderview/id/14868.aspx,Fashion街舞社专场审核（1-4）,【体育活动】,2023-04-27
http://kwhd.nankai.edu.cn/index/orderlist/type/3.aspx/p/2,体育活动,http://kwhd.nankai.edu.cn/index/orderview/id/14867.aspx,Fashion街舞社日常训练（2-4）,【体育活动】,2023-04-27
http://kwhd.nankai.edu.cn/index/orderlist/type/3.aspx/p/3,体育活动,http://kwhd.nankai.edu.cn/index/orderview/id/14800.aspx,武动经彩庆盛会 履践致远赴长虹 南开大学师生守正创新传承传统武术展演活动,【体育活动】,2023-05-04
http://kwhd.nankai.edu.cn/index/orderlist/type/3.aspx/p/3,体育活动,http://kwhd.nankai.edu.cn/index/orderview/id/14759.aspx,"""开学1块跑""高顿百校公益跑",【体育活动】,2023-05-11
http://kwhd.nankai.edu.cn/index/orderlist/type/3.aspx/p/3,体育活动,http://kwhd.nankai.edu.cn/index/orderview/id/14671.aspx,为南开大学龙舟协会主题团日活动 暨第五届拉汽车大赛张贴宣传海报,【体育活动】,2023-04-11
http://kwhd.nankai.edu.cn/index/orderlist/type/3.aspx/p/3,体育活动,http://kwhd.nankai.edu.cn/index/orderview/id/14669.aspx,南开大学龙舟协会主题团日活动 暨第五届拉汽车大赛,【体育活动】,2023-04-16
http://kwhd.nankai.edu.cn/index/orderlist/type/3.aspx/p/3,体育活动,http://kwhd.nankai.edu.cn/index/orderview/id/14661.aspx,化学学院春季趣味运动会,【体育活动】,2023-04-20
http://kwhd.nankai.edu.cn/index/orderlist/type/3.aspx/p/3,体育活动,http://kwhd.nankai.edu.cn/index/orderview/id/14607.aspx,文学院趣味运动会,【体育活动】,2023-04-20
http://kwhd.nankai.edu.cn/index/orderlist/type/3.aspx/p/3,体育活动,http://kwhd.nankai.edu.cn/index/orderview/id/14606.aspx,南开大学第34届“校长杯”篮球赛,【体育活动】,2023-04-16
http://kwhd.nankai.edu.cn/index/orderlist/type/3.aspx/p/3,体育活动,http://kwhd.nankai.edu.cn/index/orderview/id/14589.aspx,南开大学第33届“校长杯”篮球赛,【体育活动】,2023-04-16
http://kwhd.nankai.edu.cn/index/orderlist/type/3.aspx/p/3,体育活动,http://kwhd.nankai.edu.cn/index/orderview/id/14575.aspx,化学学院春季趣味运动会,【体育活动】,2023-04-13
http://kwhd.nankai.edu.cn/index/orderlist/type/3.aspx/p/3,体育活动,http://kwhd.nankai.edu.cn/index/orderview/id/14555.aspx,第17届“校长杯”棋牌赛（2）,【体育活动】,2023-04-09
http://kwhd.nankai.edu.cn/index/orderlist/type/3.aspx/p/4,体育活动,http://kwhd.nankai.edu.cn/index/orderview/id/14554.aspx,第17届“校长杯”棋牌赛（1）,【体育活动】,2023-04-09
http://kwhd.nankai.edu.cn/index/orderlist/type/3.aspx/p/4,体育活动,http://kwhd.nankai.edu.cn/index/orderview/id/14520.aspx,第二届“天南杯”羽毛球赛,【体育活动】,2023-04-29
http://kwhd.nankai.edu.cn/index/orderlist/type/3.aspx/p/4,体育活动,http://kwhd.nankai.edu.cn/index/orderview/id/14513.aspx,南开大学第34届“校长杯”排球赛,【体育活动】,2023-04-08
http://kwhd.nankai.edu.cn/index/orderlist/type/3.aspx/p/4,体育活动,http://kwhd.nankai.edu.cn/index/orderview/id/14509.aspx,南开大学“一站式”学生社区第一届体育嘉年华,【体育活动】,2023-04-16
http://kwhd.nankai.edu.cn/index/orderlist/type/3.aspx/p/4,体育活动,http://kwhd.nankai.edu.cn/index/orderview/id/14426.aspx,“校长杯”棋牌赛”,【体育活动】,2023-04-02
http://kwhd.nankai.edu.cn/index/orderlist/type/3.aspx/p/4,体育活动,http://kwhd.nankai.edu.cn/index/orderview/id/14425.aspx,“校长杯”棋牌赛,【体育活动】,2023-04-02
http://kwhd.nankai.edu.cn/index/orderlist/type/3.aspx/p/4,体育活动,http://kwhd.nankai.edu.cn/index/orderview/id/14396.aspx,南开大学第十七届“校长杯”棋牌赛,【体育活动】,2023-04-01
http://kwhd.nankai.edu.cn/index/orderlist/type/3.aspx/p/4,体育活动,http://kwhd.nankai.edu.cn/index/orderview/id/14371.aspx,校长杯棋牌赛裁判培训,【体育活动】,2023-03-30
http://kwhd.nankai.edu.cn/index/orderlist/type/3.aspx/p/4,体育活动,http://kwhd.nankai.edu.cn/index/orderview/id/14344.aspx,“旅览好春光，运动正当时”体育季 启动仪式,【体育活动】,2023-03-30
http://kwhd.nankai.edu.cn/index/orderlist/type/3.aspx/p/4,体育活动,http://kwhd.nankai.edu.cn/index/orderview/id/14304.aspx,海风游泳协会每周教学活动,【体育活动】,2023-04-01
http://kwhd.nankai.edu.cn/index/orderlist/type/3.aspx/p/5,体育活动,http://kwhd.nankai.edu.cn/index/orderview/id/14293.aspx,环科院“院长杯”羽毛球赛,【体育活动】,2023-04-11
http://kwhd.nankai.edu.cn/index/orderlist/type/3.aspx/p/5,体育活动,http://kwhd.nankai.edu.cn/index/orderview/id/14292.aspx,环科院“院长杯”羽毛球赛,【体育活动】,2023-04-10
http://kwhd.nankai.edu.cn/index/orderlist/type/3.aspx/p/5,体育活动,http://kwhd.nankai.edu.cn/index/orderview/id/14291.aspx,环科“院长杯”羽毛球赛,【体育活动】,2023-04-09
http://kwhd.nankai.edu.cn/index/orderlist/type/3.aspx/p/5,体育活动,http://kwhd.nankai.edu.cn/index/orderview/id/14289.aspx,环科院“院长杯”羽毛球赛,【体育活动】,2023-04-08
http://kwhd.nankai.edu.cn/index/orderlist/type/3.aspx/p/5,体育活动,http://kwhd.nankai.edu.cn/index/orderview/id/14274.aspx,化学学院第十一届“院长杯”羽毛球赛,【体育活动】,2023-04-03
http://kwhd.nankai.edu.cn/index/orderlist/type/3.aspx/p/5,体育活动,http://kwhd.nankai.edu.cn/index/orderview/id/14268.aspx,南开大学第33届“校长杯”足球赛,【体育活动】,2023-03-30
http://kwhd.nankai.edu.cn/index/orderlist/type/3.aspx/p/5,体育活动,http://kwhd.nankai.edu.cn/index/orderview/id/14230.aspx,西南联大文学院杯足球赛,【体育活动】,2023-04-05
http://kwhd.nankai.edu.cn/index/orderlist/type/3.aspx/p/5,体育活动,http://kwhd.nankai.edu.cn/index/orderview/id/14181.aspx,材料科学与工程学院“院长杯”篮球赛,【体育活动】,2023-03-25
http://kwhd.nankai.edu.cn/index/orderlist/type/3.aspx/p/5,体育活动,http://kwhd.nankai.edu.cn/index/orderview/id/14169.aspx,商学院“院长杯”篮球赛,【体育活动】,2023-04-06
http://kwhd.nankai.edu.cn/index/orderlist/type/3.aspx/p/5,体育活动,http://kwhd.nankai.edu.cn/index/orderview/id/14168.aspx,商学院“院长杯”篮球赛,【体育活动】,2023-04-02
http://kwhd.nankai.edu.cn/index/orderlist/type/3.aspx/p/6,体育活动,http://kwhd.nankai.edu.cn/index/orderview/id/14106.aspx,商学院“院长杯”篮球赛,【体育活动】,2023-04-01
http://kwhd.nankai.edu.cn/index/orderlist/type/3.aspx/p/6,体育活动,http://kwhd.nankai.edu.cn/index/orderview/id/14091.aspx,津彩 旅游文化艺术节开幕式,【体育活动】,2023-03-19
http://kwhd.nankai.edu.cn/index/orderlist/type/3.aspx/p/6,体育活动,http://kwhd.nankai.edu.cn/index/orderview/id/14085.aspx,商学院“院长杯”篮球赛,【体育活动】,2023-03-30
http://kwhd.nankai.edu.cn/index/orderlist/type/3.aspx/p/6,体育活动,http://kwhd.nankai.edu.cn/index/orderview/id/14084.aspx,商学院“院长杯”篮球赛,【体育活动】,2023-03-26
http://kwhd.nankai.edu.cn/index/orderlist/type/3.aspx/p/6,体育活动,http://kwhd.nankai.edu.cn/index/orderview/id/14083.aspx,商学院“院长杯”篮球赛,【体育活动】,2023-03-25
http://kwhd.nankai.edu.cn/index/orderlist/type/3.aspx/p/6,体育活动,http://kwhd.nankai.edu.cn/index/orderview/id/14082.aspx,商学院“院长杯”篮球赛,【体育活动】,2023-03-23
http://kwhd.nankai.edu.cn/index/orderlist/type/3.aspx/p/6,体育活动,http://kwhd.nankai.edu.cn/index/orderview/id/14014.aspx,“羽协杯”羽毛球赛,【体育活动】,2023-03-25
http://kwhd.nankai.edu.cn/index/orderlist/type/3.aspx/p/6,体育活动,http://kwhd.nankai.edu.cn/index/orderview/id/13985.aspx,2023年春季篮球联赛,【体育活动】,2023-03-12
http://kwhd.nankai.edu.cn/index/orderlist/type/3.aspx/p/6,体育活动,http://kwhd.nankai.edu.cn/index/orderview/id/13984.aspx,2023年春季足球友谊赛,【体育活动】,2023-03-11
http://kwhd.nankai.edu.cn/index/orderlist/type/3.aspx/p/6,体育活动,http://kwhd.nankai.edu.cn/index/orderview/id/13925.aspx,棋协八里台对弈交流训练活动（每周日下午使用）,【体育活动】,2023-03-26
http://kwhd.nankai.edu.cn/index/orderlist/type/3.aspx/p/7,体育活动,http://kwhd.nankai.edu.cn/index/orderview/id/13924.aspx,棋协 津南对弈交流训练活动（每周日下午使用）,【体育活动】,2023-03-26
http://kwhd.nankai.edu.cn/index/orderlist/type/3.aspx/p/7,体育活动,http://kwhd.nankai.edu.cn/index/orderview/id/13917.aspx,国标舞团团训（津南）,【体育活动】,2023-03-17
http://kwhd.nankai.edu.cn/index/orderlist/type/3.aspx/p/7,体育活动,http://kwhd.nankai.edu.cn/index/orderview/id/13915.aspx,国标舞团团训（八里台）,【体育活动】,2023-03-12
http://kwhd.nankai.edu.cn/index/orderlist/type/3.aspx/p/7,体育活动,http://kwhd.nankai.edu.cn/index/orderview/id/13905.aspx,精品项目+南开大学哲学院“逻各斯杯”师生羽毛球联赛,【体育活动】,2023-04-01
http://kwhd.nankai.edu.cn/index/orderlist/type/3.aspx/p/7,体育活动,http://kwhd.nankai.edu.cn/index/orderview/id/13879.aspx,精品项目-“为祖国健康工作50年”健身季活动,【体育活动】,2023-04-01
http://kwhd.nankai.edu.cn/index/orderlist/type/3.aspx/p/7,体育活动,http://kwhd.nankai.edu.cn/index/orderview/id/13859.aspx,Fashion街舞社日常训练（1-2）,【体育活动】,2023-03-07
http://kwhd.nankai.edu.cn/index/orderlist/type/3.aspx/p/7,体育活动,http://kwhd.nankai.edu.cn/index/orderview/id/13858.aspx,Fashion街舞社日常训练（2-7）,【体育活动】,2023-03-12
http://kwhd.nankai.edu.cn/index/orderlist/type/3.aspx/p/7,体育活动,http://kwhd.nankai.edu.cn/index/orderview/id/13857.aspx,乒协周常活动,【体育活动】,2023-03-12
http://kwhd.nankai.edu.cn/index/orderlist/type/3.aspx/p/7,体育活动,http://kwhd.nankai.edu.cn/index/orderview/id/13853.aspx,经济学院院长杯篮球赛线下宣传,【体育活动】,2023-03-10
http://kwhd.nankai.edu.cn/index/orderlist/type/3.aspx/p/7,体育活动,http://kwhd.nankai.edu.cn/index/orderview/id/13826.aspx,统计与数据科学学院“春雷”羽毛球擂台赛,【体育活动】,2023-03-12
http://kwhd.nankai.edu.cn/index/orderlist/type/3.aspx/p/8,体育活动,http://kwhd.nankai.edu.cn/index/orderview/id/13795.aspx,“以球会友，一网无前”，开展网球协会训例,【体育活动】,2023-03-05
http://kwhd.nankai.edu.cn/index/orderlist/type/3.aspx/p/8,体育活动,http://kwhd.nankai.edu.cn/index/orderview/id/13792.aspx,Fashion街舞社日常训练（八里台1-4）,【体育活动】,2023-03-02
http://kwhd.nankai.edu.cn/index/orderlist/type/3.aspx/p/8,体育活动,http://kwhd.nankai.edu.cn/index/orderview/id/13791.aspx,Fashion街舞社日常训练（八里台1-6）,【体育活动】,2023-03-04
http://kwhd.nankai.edu.cn/index/orderlist/type/3.aspx/p/8,体育活动,http://kwhd.nankai.edu.cn/index/orderview/id/13761.aspx,Fashion街舞社日常训练（1-6）,【体育活动】,2023-03-06
http://kwhd.nankai.edu.cn/index/orderlist/type/3.aspx/p/8,体育活动,http://kwhd.nankai.edu.cn/index/orderview/id/13740.aspx,Fashion街舞社日常训练（八里台2-6）,【体育活动】,2023-03-04
http://kwhd.nankai.edu.cn/index/orderlist/type/3.aspx/p/8,体育活动,http://kwhd.nankai.edu.cn/index/orderview/id/13727.aspx,Fashion街舞社日常训练（2-5）,【体育活动】,2023-03-03
http://kwhd.nankai.edu.cn/index/orderlist/type/3.aspx/p/8,体育活动,http://kwhd.nankai.edu.cn/index/orderview/id/13720.aspx,棋牌协会八里台下棋活动,【体育活动】,2023-03-12
http://kwhd.nankai.edu.cn/index/orderlist/type/3.aspx/p/8,体育活动,http://kwhd.nankai.edu.cn/index/orderview/id/13719.aspx,棋牌协会津南下棋交流训练活动,【体育活动】,2023-03-12
http://kwhd.nankai.edu.cn/index/orderlist/type/3.aspx/p/8,体育活动,http://kwhd.nankai.edu.cn/index/orderview/id/13717.aspx,Fashion街舞社公开课（津南校区）,【体育活动】,2023-03-09
http://kwhd.nankai.edu.cn/index/orderlist/type/3.aspx/p/8,体育活动,http://kwhd.nankai.edu.cn/index/orderview/id/13703.aspx,Fashion街舞社日常训练（八里台2-6）,【体育活动】,2023-02-25
http://kwhd.nankai.edu.cn/index/orderlist/type/3.aspx/p/9,体育活动,http://kwhd.nankai.edu.cn/index/orderview/id/13701.aspx,Fashion街舞社日常训练（2-2）,【体育活动】,2023-03-07
http://kwhd.nankai.edu.cn/index/orderlist/type/3.aspx/p/9,体育活动,http://kwhd.nankai.edu.cn/index/orderview/id/13666.aspx,2023年春季学期荧光夜跑,【体育活动】,2023-02-21
http://kwhd.nankai.edu.cn/index/orderlist/type/3.aspx/p/9,体育活动,http://kwhd.nankai.edu.cn/index/orderview/id/13663.aspx,Fashion街舞社公开课（津南校区）,【体育活动】,2023-03-21
http://kwhd.nankai.edu.cn/index/orderlist/type/3.aspx/p/9,体育活动,http://kwhd.nankai.edu.cn/index/orderview/id/13662.aspx,Fashion街舞社公开课（津南校区）,【体育活动】,2023-03-14
http://kwhd.nankai.edu.cn/index/orderlist/type/3.aspx/p/9,体育活动,http://kwhd.nankai.edu.cn/index/orderview/id/13659.aspx,棋牌协会八里台对弈训练活动,【体育活动】,2023-02-26
http://kwhd.nankai.edu.cn/index/orderlist/type/3.aspx/p/9,体育活动,http://kwhd.nankai.edu.cn/index/orderview/id/13658.aspx,棋牌协会津南下棋交流训练活动,【体育活动】,2023-02-26
http://kwhd.nankai.edu.cn/index/orderlist/type/3.aspx/p/9,体育活动,http://kwhd.nankai.edu.cn/index/orderview/id/13656.aspx,Fashion街舞社日常训练（2-4）,【体育活动】,2023-02-23
http://kwhd.nankai.edu.cn/index/orderlist/type/3.aspx/p/9,体育活动,http://kwhd.nankai.edu.cn/index/orderview/id/13651.aspx,冰火舞蹈团（八里台）日常训练,【体育活动】,2023-02-27
http://kwhd.nankai.edu.cn/index/orderlist/type/3.aspx/p/9,体育活动,http://kwhd.nankai.edu.cn/index/orderview/id/13650.aspx,冰火舞蹈团（八里台）日常训练,【体育活动】,2023-02-27
http://kwhd.nankai.edu.cn/index/orderlist/type/3.aspx/p/9,体育活动,http://kwhd.nankai.edu.cn/index/orderview/id/13646.aspx,冰火舞蹈团日常训练（津南）,【体育活动】,2023-02-27
http://kwhd.nankai.edu.cn/index/orderlist/type/2.aspx/p/1,实践活动,http://kwhd.nankai.edu.cn/index/orderview/id/15429.aspx,“毕业留痕，捐书传香”活动,【实践服务】,2023-06-21
http://kwhd.nankai.edu.cn/index/orderlist/type/2.aspx/p/1,实践活动,http://kwhd.nankai.edu.cn/index/orderview/id/15426.aspx,法学院毕业仪式物资整理,【实践服务】,2023-06-20
http://kwhd.nankai.edu.cn/index/orderlist/type/2.aspx/p/1,实践活动,http://kwhd.nankai.edu.cn/index/orderview/id/15412.aspx,医学院毕业生义诊,【实践服务】,2023-06-13
http://kwhd.nankai.edu.cn/index/orderlist/type/2.aspx/p/1,实践活动,http://kwhd.nankai.edu.cn/index/orderview/id/15386.aspx,“杂货解忧，承旧他意”外国语学院2023届毕业生跳蚤市场,【实践服务】,2023-06-11
http://kwhd.nankai.edu.cn/index/orderlist/type/2.aspx/p/1,实践活动,http://kwhd.nankai.edu.cn/index/orderview/id/15369.aspx,基金会内部会议,【实践服务】,2023-06-01
http://kwhd.nankai.edu.cn/index/orderlist/type/2.aspx/p/1,实践活动,http://kwhd.nankai.edu.cn/index/orderview/id/15355.aspx,“童趣无限，酸酸甜甜”儿童节酸奶杯义卖活动,【实践服务】,2023-05-31
http://kwhd.nankai.edu.cn/index/orderlist/type/2.aspx/p/1,实践活动,http://kwhd.nankai.edu.cn/index/orderview/id/15268.aspx,三农学社暑期社会实践宣传,【实践服务】,2023-05-27
http://kwhd.nankai.edu.cn/index/orderlist/type/2.aspx/p/1,实践活动,http://kwhd.nankai.edu.cn/index/orderview/id/15240.aspx,厨余垃圾社区科普活动,【实践服务】,2023-05-25
http://kwhd.nankai.edu.cn/index/orderlist/type/2.aspx/p/1,实践活动,http://kwhd.nankai.edu.cn/index/orderview/id/15201.aspx,环科院饮用水健康宣传实践活动,【实践服务】,2023-05-24
http://kwhd.nankai.edu.cn/index/orderlist/type/2.aspx/p/1,实践活动,http://kwhd.nankai.edu.cn/index/orderview/id/15200.aspx,环科院服务学习饮用水健康宣传实践活动,【实践服务】,2023-05-24
http://kwhd.nankai.edu.cn/index/orderlist/type/2.aspx/p/2,实践活动,http://kwhd.nankai.edu.cn/index/orderview/id/15141.aspx,化影悦动・纸笔递情书信活动,【实践服务】,2023-05-18
http://kwhd.nankai.edu.cn/index/orderlist/type/2.aspx/p/2,实践活动,http://kwhd.nankai.edu.cn/index/orderview/id/15084.aspx,致敬劳动者采访活动,【实践服务】,2023-05-09
http://kwhd.nankai.edu.cn/index/orderlist/type/2.aspx/p/2,实践活动,http://kwhd.nankai.edu.cn/index/orderview/id/14920.aspx,天津海河教育园区南开学校未成年人保护普法宣讲活动,【实践服务】,2023-04-27
http://kwhd.nankai.edu.cn/index/orderlist/type/2.aspx/p/2,实践活动,http://kwhd.nankai.edu.cn/index/orderview/id/14888.aspx,安全+质量>数量*便宜，买对的衣服，买合适的衣服,【实践服务】,2023-04-27
http://kwhd.nankai.edu.cn/index/orderlist/type/2.aspx/p/2,实践活动,http://kwhd.nankai.edu.cn/index/orderview/id/14862.aspx,“津和携手――法治宣讲进校园，法律服务送师生”普法宣讲活动,【实践服务】,2023-04-23
http://kwhd.nankai.edu.cn/index/orderlist/type/2.aspx/p/2,实践活动,http://kwhd.nankai.edu.cn/index/orderview/id/14799.aspx,天津海河教育园区南开学校未成年人保护普法宣讲活动,【实践服务】,2023-04-20
http://kwhd.nankai.edu.cn/index/orderlist/type/2.aspx/p/2,实践活动,http://kwhd.nankai.edu.cn/index/orderview/id/14687.aspx,"经济学院22级数字经济班""青春我做组”团小组实践学习活动",【实践服务】,2023-04-15
http://kwhd.nankai.edu.cn/index/orderlist/type/2.aspx/p/2,实践活动,http://kwhd.nankai.edu.cn/index/orderview/id/14685.aspx,海棠街品尚社区民法典普法宣讲活动,【实践服务】,2023-04-19
http://kwhd.nankai.edu.cn/index/orderlist/type/2.aspx/p/2,实践活动,http://kwhd.nankai.edu.cn/index/orderview/id/14659.aspx,全民国家安全教育日教育宣传活动,【实践服务】,2023-04-14
http://kwhd.nankai.edu.cn/index/orderlist/type/2.aspx/p/2,实践活动,http://kwhd.nankai.edu.cn/index/orderview/id/14626.aspx,党团知识问答,【实践服务】,2023-04-15
http://kwhd.nankai.edu.cn/index/orderlist/type/2.aspx/p/3,实践活动,http://kwhd.nankai.edu.cn/index/orderview/id/14621.aspx,化学学院青志中心实践部例会,【实践服务】,2023-04-07
http://kwhd.nankai.edu.cn/index/orderlist/type/2.aspx/p/3,实践活动,http://kwhd.nankai.edu.cn/index/orderview/id/14570.aspx,让地球微笑，让万物呼吸・世界地球日环保打卡活动,【实践服务】,2023-04-10
http://kwhd.nankai.edu.cn/index/orderlist/type/2.aspx/p/3,实践活动,http://kwhd.nankai.edu.cn/index/orderview/id/14359.aspx,乐队排练,【实践服务】,2023-04-01
http://kwhd.nankai.edu.cn/index/orderlist/type/2.aspx/p/3,实践活动,http://kwhd.nankai.edu.cn/index/orderview/id/14203.aspx,缅怀伟人――参观毛泽东纪念堂,【实践服务】,2023-03-25
http://kwhd.nankai.edu.cn/index/orderlist/type/2.aspx/p/3,实践活动,http://kwhd.nankai.edu.cn/index/orderview/id/14124.aspx,环保集市“青”体验,【实践服务】,2023-03-26
http://kwhd.nankai.edu.cn/index/orderlist/type/2.aspx/p/3,实践活动,http://kwhd.nankai.edu.cn/index/orderview/id/14116.aspx,志愿服务――倡导科学洗手，预防春季流感,【实践服务】,2023-03-18
http://kwhd.nankai.edu.cn/index/orderlist/type/2.aspx/p/3,实践活动,http://kwhd.nankai.edu.cn/index/orderview/id/14115.aspx,环保集市“青”体验,【实践服务】,2023-03-26
http://kwhd.nankai.edu.cn/index/orderlist/type/2.aspx/p/3,实践活动,http://kwhd.nankai.edu.cn/index/orderview/id/14092.aspx,首创暖山社区消费者权益保护普法宣讲活动,【实践服务】,2023-03-17
http://kwhd.nankai.edu.cn/index/orderlist/type/2.aspx/p/3,实践活动,http://kwhd.nankai.edu.cn/index/orderview/id/14066.aspx,世界社工宣传日宣传活动,【实践服务】,2023-03-21
http://kwhd.nankai.edu.cn/index/orderlist/type/2.aspx/p/3,实践活动,http://kwhd.nankai.edu.cn/index/orderview/id/14040.aspx,食堂门口发传单,【实践服务】,2023-03-21
http://kwhd.nankai.edu.cn/index/orderlist/type/2.aspx/p/4,实践活动,http://kwhd.nankai.edu.cn/index/orderview/id/14011.aspx,食堂门口发传单,【实践服务】,2023-03-15
http://kwhd.nankai.edu.cn/index/orderlist/type/2.aspx/p/4,实践活动,http://kwhd.nankai.edu.cn/index/orderview/id/13992.aspx,跳蚤市场――让AI焕新，我的消费我做主,【实践服务】,2023-03-16
http://kwhd.nankai.edu.cn/index/orderlist/type/2.aspx/p/4,实践活动,http://kwhd.nankai.edu.cn/index/orderview/id/13948.aspx,【精品项目】南开大学春季提案大赛,【实践服务】,2023-04-15
http://kwhd.nankai.edu.cn/index/orderlist/type/2.aspx/p/4,实践活动,http://kwhd.nankai.edu.cn/index/orderview/id/13943.aspx,精品项目+“求是杂货铺”职业生涯咨询系列活动,【实践服务】,2023-03-20
http://kwhd.nankai.edu.cn/index/orderlist/type/2.aspx/p/4,实践活动,http://kwhd.nankai.edu.cn/index/orderview/id/13862.aspx,精品项目+“职”点迷津经验分享会,【实践服务】,2023-03-11
http://kwhd.nankai.edu.cn/index/orderlist/type/2.aspx/p/4,实践活动,http://kwhd.nankai.edu.cn/index/orderview/id/13679.aspx,商学院研究生党支部“见花则喜 心花怒放”身心健康党员先锋岗活动,【实践服务】,2023-02-25
http://kwhd.nankai.edu.cn/index/orderlist/type/2.aspx/p/4,实践活动,http://kwhd.nankai.edu.cn/index/orderview/id/13510.aspx,初冬阳回，饺暖人心,【实践服务】,2022-11-27
http://kwhd.nankai.edu.cn/index/orderlist/type/2.aspx/p/4,实践活动,http://kwhd.nankai.edu.cn/index/orderview/id/13509.aspx,初冬阳回，饺暖人心,【实践服务】,2022-11-26
http://kwhd.nankai.edu.cn/index/orderlist/type/2.aspx/p/4,实践活动,http://kwhd.nankai.edu.cn/index/orderview/id/13435.aspx,“优秀文化浸润心灵”福利院线上支教活动(第五期),【实践服务】,2022-11-27
http://kwhd.nankai.edu.cn/index/orderlist/type/2.aspx/p/4,实践活动,http://kwhd.nankai.edu.cn/index/orderview/id/13434.aspx,“优秀文化浸润心灵”福利院线上支教活动(第四期),【实践服务】,2022-11-26
http://kwhd.nankai.edu.cn/index/orderlist/type/2.aspx/p/5,实践活动,http://kwhd.nankai.edu.cn/index/orderview/id/13368.aspx,新闻与传播学院“献礼二十大，巧手共绘秋”手作活动,【实践服务】,2022-11-26
http://kwhd.nankai.edu.cn/index/orderlist/type/2.aspx/p/5,实践活动,http://kwhd.nankai.edu.cn/index/orderview/id/13296.aspx,“优秀文化浸润心灵”福利院线上支教活动（第三期）,【实践服务】,2022-11-19
http://kwhd.nankai.edu.cn/index/orderlist/type/2.aspx/p/5,实践活动,http://kwhd.nankai.edu.cn/index/orderview/id/13295.aspx,“优秀文化浸润心灵”福利院线上支教活动（第二期）,【实践服务】,2022-11-19
http://kwhd.nankai.edu.cn/index/orderlist/type/2.aspx/p/5,实践活动,http://kwhd.nankai.edu.cn/index/orderview/id/13292.aspx,“让闲置流动起来”军训服回收活动,【实践服务】,2022-11-14
http://kwhd.nankai.edu.cn/index/orderlist/type/2.aspx/p/5,实践活动,http://kwhd.nankai.edu.cn/index/orderview/id/13223.aspx,双十一快递盒回收,【实践服务】,2022-11-15
http://kwhd.nankai.edu.cn/index/orderlist/type/2.aspx/p/5,实践活动,http://kwhd.nankai.edu.cn/index/orderview/id/13222.aspx,双十一快递盒回收,【实践服务】,2022-11-14
http://kwhd.nankai.edu.cn/index/orderlist/type/2.aspx/p/5,实践活动,http://kwhd.nankai.edu.cn/index/orderview/id/13221.aspx,双十一快递盒回收,【实践服务】,2022-11-13
http://kwhd.nankai.edu.cn/index/orderlist/type/2.aspx/p/5,实践活动,http://kwhd.nankai.edu.cn/index/orderview/id/13179.aspx,“优秀文化浸润心灵”福利院线上支教活动,【实践服务】,2022-11-12
http://kwhd.nankai.edu.cn/index/orderlist/type/2.aspx/p/5,实践活动,http://kwhd.nankai.edu.cn/index/orderview/id/13173.aspx,11月美化校园活动,【实践服务】,2022-11-05
http://kwhd.nankai.edu.cn/index/orderlist/type/2.aspx/p/5,实践活动,http://kwhd.nankai.edu.cn/index/orderview/id/13140.aspx,“让闲置流动起来”军训服回收活动,【实践服务】,2022-11-13
http://kwhd.nankai.edu.cn/index/orderlist/type/2.aspx/p/6,实践活动,http://kwhd.nankai.edu.cn/index/orderview/id/13139.aspx,“让闲置流动起来”军训服回收活动,【实践服务】,2022-11-12
http://kwhd.nankai.edu.cn/index/orderlist/type/2.aspx/p/6,实践活动,http://kwhd.nankai.edu.cn/index/orderview/id/13138.aspx,“让闲置流动起来”军训服回收活动,【实践服务】,2022-11-11
http://kwhd.nankai.edu.cn/index/orderlist/type/2.aspx/p/6,实践活动,http://kwhd.nankai.edu.cn/index/orderview/id/12913.aspx,商学院团委秘书中心例会,【实践服务】,2022-10-30
http://kwhd.nankai.edu.cn/index/orderlist/type/2.aspx/p/6,实践活动,http://kwhd.nankai.edu.cn/index/orderview/id/12888.aspx,"""变‘壳’为宝，物尽其用”团小组笔壳回收活动",【实践服务】,2022-10-30
http://kwhd.nankai.edu.cn/index/orderlist/type/2.aspx/p/6,实践活动,http://kwhd.nankai.edu.cn/index/orderview/id/12847.aspx,志愿服务――医学院实验室卫生打扫,【实践服务】,2022-10-30
http://kwhd.nankai.edu.cn/index/orderlist/type/2.aspx/p/6,实践活动,http://kwhd.nankai.edu.cn/index/orderview/id/11810.aspx,9・20全国爱牙日校园义诊活动,【实践服务】,2022-09-20
http://kwhd.nankai.edu.cn/index/orderlist/type/2.aspx/p/6,实践活动,http://kwhd.nankai.edu.cn/index/orderview/id/11277.aspx,朝阳花向南开――人人都是艺术家，我们一起种花吧！,【实践服务】,2022-05-21
http://kwhd.nankai.edu.cn/index/orderlist/type/2.aspx/p/6,实践活动,http://kwhd.nankai.edu.cn/index/orderview/id/11276.aspx,朝阳花向南开――人人都是艺术家，我们一起种花吧！,【实践服务】,2022-05-20
http://kwhd.nankai.edu.cn/index/orderlist/type/2.aspx/p/6,实践活动,http://kwhd.nankai.edu.cn/index/orderview/id/11002.aspx,5月美化校园活动,【实践服务】,2022-05-07
http://kwhd.nankai.edu.cn/index/orderlist/type/2.aspx/p/6,实践活动,http://kwhd.nankai.edu.cn/index/orderview/id/10902.aspx,数分高代拯救计划,【实践服务】,2022-04-29
http://kwhd.nankai.edu.cn/index/orderlist/type/2.aspx/p/7,实践活动,http://kwhd.nankai.edu.cn/index/orderview/id/10827.aspx,助力双碳目标・地球日主题两周打卡活动,【实践服务】,2022-04-22
http://kwhd.nankai.edu.cn/index/orderlist/type/2.aspx/p/7,实践活动,http://kwhd.nankai.edu.cn/index/orderview/id/10817.aspx,国家安全教育日教育宣传活动,【实践服务】,2022-04-14
http://kwhd.nankai.edu.cn/index/orderlist/type/2.aspx/p/7,实践活动,http://kwhd.nankai.edu.cn/index/orderview/id/10803.aspx,“言绘冰雪情，共筑强国梦”宿团小组活动,【实践服务】,2022-04-10
http://kwhd.nankai.edu.cn/index/orderlist/type/2.aspx/p/7,实践活动,http://kwhd.nankai.edu.cn/index/orderview/id/10736.aspx,赴中建三局“防范网络诈骗，捍卫劳动成果”宣讲,【实践服务】,2022-05-31
http://kwhd.nankai.edu.cn/index/orderlist/type/2.aspx/p/7,实践活动,http://kwhd.nankai.edu.cn/index/orderview/id/10707.aspx,“成长计划”学业帮扶体系,【实践服务】,2022-03-18
http://kwhd.nankai.edu.cn/index/orderlist/type/2.aspx/p/7,实践活动,http://kwhd.nankai.edu.cn/index/orderview/id/10503.aspx,给先心宝贝送新年祝福,【实践服务】,2022-01-24
http://kwhd.nankai.edu.cn/index/orderlist/type/2.aspx/p/7,实践活动,http://kwhd.nankai.edu.cn/index/orderview/id/10403.aspx,生命科学学院新愚公希望小学线上直播志愿活动一,【实践服务】,2021-12-02
http://kwhd.nankai.edu.cn/index/orderlist/type/2.aspx/p/7,实践活动,http://kwhd.nankai.edu.cn/index/orderview/id/10402.aspx,生命科学学院新愚公希望小学线上直播志愿活动,【实践服务】,2021-12-19
http://kwhd.nankai.edu.cn/index/orderlist/type/2.aspx/p/7,实践活动,http://kwhd.nankai.edu.cn/index/orderview/id/10235.aspx,生命科学学院新愚公希望小学线上直播志愿活动三,【实践服务】,2021-12-02
http://kwhd.nankai.edu.cn/index/orderlist/type/2.aspx/p/7,实践活动,http://kwhd.nankai.edu.cn/index/orderview/id/10234.aspx,生命科学学院新愚公希望小学线上直播志愿活动二,【实践服务】,2021-11-25
http://kwhd.nankai.edu.cn/index/orderlist/type/2.aspx/p/8,实践活动,http://kwhd.nankai.edu.cn/index/orderview/id/10233.aspx,生命科学学院新愚公希望小学线上直播志愿活动一,【实践服务】,2021-11-25
http://kwhd.nankai.edu.cn/index/orderlist/type/2.aspx/p/8,实践活动,http://kwhd.nankai.edu.cn/index/orderview/id/10024.aspx,生命科学学院新愚公希望小学线上直播志愿活动三,【实践服务】,2021-11-11
http://kwhd.nankai.edu.cn/index/orderlist/type/2.aspx/p/8,实践活动,http://kwhd.nankai.edu.cn/index/orderview/id/10023.aspx,生命科学学院新愚公希望小学线上直播志愿活动,【实践服务】,2021-11-11
http://kwhd.nankai.edu.cn/index/orderlist/type/2.aspx/p/8,实践活动,http://kwhd.nankai.edu.cn/index/orderview/id/9989.aspx,生命科学学院新愚公希望小学线上直播志愿活动,【实践服务】,2021-11-11
http://kwhd.nankai.edu.cn/index/orderlist/type/2.aspx/p/8,实践活动,http://kwhd.nankai.edu.cn/index/orderview/id/9982.aspx,“双十一”快递盒回收活动,【实践服务】,2021-11-14
http://kwhd.nankai.edu.cn/index/orderlist/type/2.aspx/p/8,实践活动,http://kwhd.nankai.edu.cn/index/orderview/id/9888.aspx,双十一快递盒回收活动,【实践服务】,2021-11-11
http://kwhd.nankai.edu.cn/index/orderlist/type/2.aspx/p/8,实践活动,http://kwhd.nankai.edu.cn/index/orderview/id/9854.aspx,"""垃圾分类我知道""主题知识竞答活动",【实践服务】,2021-11-06
http://kwhd.nankai.edu.cn/index/orderlist/type/2.aspx/p/8,实践活动,http://kwhd.nankai.edu.cn/index/orderview/id/9778.aspx,赏年画之美，守文化之魂,【实践服务】,2021-11-14
http://kwhd.nankai.edu.cn/index/orderlist/type/2.aspx/p/8,实践活动,http://kwhd.nankai.edu.cn/index/orderview/id/9760.aspx,双十一网购行为大赏 宿团小组活动,【实践服务】,2021-11-13
http://kwhd.nankai.edu.cn/index/orderlist/type/2.aspx/p/8,实践活动,http://kwhd.nankai.edu.cn/index/orderview/id/9758.aspx,“各族各话，华夏宏声”宿团活动,【实践服务】,2021-11-14
http://kwhd.nankai.edu.cn/index/orderlist/type/2.aspx/p/9,实践活动,http://kwhd.nankai.edu.cn/index/orderview/id/9686.aspx,钢笔与钢枪志愿者面试,【实践服务】,2021-10-31
http://kwhd.nankai.edu.cn/index/orderlist/type/2.aspx/p/9,实践活动,http://kwhd.nankai.edu.cn/index/orderview/id/9638.aspx,智慧山二手市集志愿活动,【实践服务】,2021-10-31
http://kwhd.nankai.edu.cn/index/orderlist/type/2.aspx/p/9,实践活动,http://kwhd.nankai.edu.cn/index/orderview/id/9619.aspx,宿团小组主题团日活动,【实践服务】,2021-11-07
http://kwhd.nankai.edu.cn/index/orderlist/type/2.aspx/p/9,实践活动,http://kwhd.nankai.edu.cn/index/orderview/id/9607.aspx,拒绝“剩”宴，从我“光盘”实践活动,【实践服务】,2021-10-31
http://kwhd.nankai.edu.cn/index/orderlist/type/2.aspx/p/9,实践活动,http://kwhd.nankai.edu.cn/index/orderview/id/9586.aspx,宿团活动――我们的鲁迅,【实践服务】,2021-11-13
http://kwhd.nankai.edu.cn/index/orderlist/type/2.aspx/p/9,实践活动,http://kwhd.nankai.edu.cn/index/orderview/id/9335.aspx,电光学院志愿者宣誓大会,【实践服务】,2021-10-28
http://kwhd.nankai.edu.cn/index/orderlist/type/2.aspx/p/9,实践活动,http://kwhd.nankai.edu.cn/index/orderview/id/8245.aspx,爱心俱乐部敬老院慰问活动,【实践服务】,2021-09-19
http://kwhd.nankai.edu.cn/index/orderlist/type/2.aspx/p/9,实践活动,http://kwhd.nankai.edu.cn/index/orderview/id/8241.aspx,九月公益日集小红花行动（线上）,【实践服务】,2021-09-18
http://kwhd.nankai.edu.cn/index/orderlist/type/2.aspx/p/9,实践活动,http://kwhd.nankai.edu.cn/index/orderview/id/8225.aspx,社会实践考评会,【实践服务】,2021-09-16
http://kwhd.nankai.edu.cn/index/orderlist/type/2.aspx/p/9,实践活动,http://kwhd.nankai.edu.cn/index/orderview/id/8224.aspx,社会实践考评会,【实践服务】,2021-09-16
http://kwhd.nankai.edu.cn/index/orderlist/type/5.aspx/p/1,综合活动,http://kwhd.nankai.edu.cn/index/orderview/id/15457.aspx,校友办部门会,【综合活动】,2023-06-27
http://kwhd.nankai.edu.cn/index/orderlist/type/5.aspx/p/1,综合活动,http://kwhd.nankai.edu.cn/index/orderview/id/15452.aspx,学工部党支部大会,【综合活动】,2023-06-25
http://kwhd.nankai.edu.cn/index/orderlist/type/5.aspx/p/1,综合活动,http://kwhd.nankai.edu.cn/index/orderview/id/15435.aspx,吕梁市人社局校地合作洽谈会,【综合活动】,2023-06-26
http://kwhd.nankai.edu.cn/index/orderlist/type/5.aspx/p/1,综合活动,http://kwhd.nankai.edu.cn/index/orderview/id/15434.aspx,黄埔团校面试(津南),【综合活动】,2023-06-22
http://kwhd.nankai.edu.cn/index/orderlist/type/5.aspx/p/1,综合活动,http://kwhd.nankai.edu.cn/index/orderview/id/15433.aspx,黄埔团校面试(八里台),【综合活动】,2023-06-23
http://kwhd.nankai.edu.cn/index/orderlist/type/5.aspx/p/1,综合活动,http://kwhd.nankai.edu.cn/index/orderview/id/15430.aspx,电光学院往届毕业生返校活动,【综合活动】,2023-06-20
http://kwhd.nankai.edu.cn/index/orderlist/type/5.aspx/p/1,综合活动,http://kwhd.nankai.edu.cn/index/orderview/id/15428.aspx,学工部教育科开会,【综合活动】,2023-06-18
http://kwhd.nankai.edu.cn/index/orderlist/type/5.aspx/p/1,综合活动,http://kwhd.nankai.edu.cn/index/orderview/id/15417.aspx,学工部会议,【综合活动】,2023-06-25
http://kwhd.nankai.edu.cn/index/orderlist/type/5.aspx/p/1,综合活动,http://kwhd.nankai.edu.cn/index/orderview/id/15416.aspx,2023年毕业季校园打卡装置摆放,【综合活动】,2023-06-14
http://kwhd.nankai.edu.cn/index/orderlist/type/5.aspx/p/1,综合活动,http://kwhd.nankai.edu.cn/index/orderview/id/15414.aspx,环境科学与工程学院2019级毕业晚会,【综合活动】,2023-06-13
http://kwhd.nankai.edu.cn/index/orderlist/type/5.aspx/p/2,综合活动,http://kwhd.nankai.edu.cn/index/orderview/id/15403.aspx,就业会议,【综合活动】,2023-06-08
http://kwhd.nankai.edu.cn/index/orderlist/type/5.aspx/p/2,综合活动,http://kwhd.nankai.edu.cn/index/orderview/id/15402.aspx,生命科学学院2023毕业晚会节目审核,【综合活动】,2023-06-09
http://kwhd.nankai.edu.cn/index/orderlist/type/5.aspx/p/2,综合活动,http://kwhd.nankai.edu.cn/index/orderview/id/15393.aspx,海河英才宣讲会,【综合活动】,2023-06-08
http://kwhd.nankai.edu.cn/index/orderlist/type/5.aspx/p/2,综合活动,http://kwhd.nankai.edu.cn/index/orderview/id/15389.aspx,校园公益义卖线下宣传活动,【综合活动】,2023-06-05
http://kwhd.nankai.edu.cn/index/orderlist/type/5.aspx/p/2,综合活动,http://kwhd.nankai.edu.cn/index/orderview/id/15385.aspx,“印我所向，职在四方”校园定向活动,【综合活动】,2023-06-17
http://kwhd.nankai.edu.cn/index/orderlist/type/5.aspx/p/2,综合活动,http://kwhd.nankai.edu.cn/index/orderview/id/15376.aspx,社会实践和志愿服务督导中心留任初面试,【综合活动】,2023-06-03
http://kwhd.nankai.edu.cn/index/orderlist/type/5.aspx/p/2,综合活动,http://kwhd.nankai.edu.cn/index/orderview/id/15368.aspx,社团管理中心换届面试,【综合活动】,2023-06-04
http://kwhd.nankai.edu.cn/index/orderlist/type/5.aspx/p/2,综合活动,http://kwhd.nankai.edu.cn/index/orderview/id/15366.aspx,社团管理中心换届面试,【综合活动】,2023-06-04
http://kwhd.nankai.edu.cn/index/orderlist/type/5.aspx/p/2,综合活动,http://kwhd.nankai.edu.cn/index/orderview/id/15364.aspx,高校科学营面试等候室,【综合活动】,2023-06-01
http://kwhd.nankai.edu.cn/index/orderlist/type/5.aspx/p/2,综合活动,http://kwhd.nankai.edu.cn/index/orderview/id/15357.aspx,活动会议,【综合活动】,2023-05-30
http://kwhd.nankai.edu.cn/index/orderlist/type/5.aspx/p/3,综合活动,http://kwhd.nankai.edu.cn/index/orderview/id/15352.aspx,节气主题舞会公益派发活动,【综合活动】,2023-06-01
http://kwhd.nankai.edu.cn/index/orderlist/type/5.aspx/p/3,综合活动,http://kwhd.nankai.edu.cn/index/orderview/id/15351.aspx,团委学生课外活动指导中心文艺部例会,【综合活动】,2023-06-03
http://kwhd.nankai.edu.cn/index/orderlist/type/5.aspx/p/3,综合活动,http://kwhd.nankai.edu.cn/index/orderview/id/15350.aspx,团委学生课外活动指导中心文艺部例会,【综合活动】,2023-06-04
http://kwhd.nankai.edu.cn/index/orderlist/type/5.aspx/p/3,综合活动,http://kwhd.nankai.edu.cn/index/orderview/id/15349.aspx,团委学生课外活动指导中心文艺部例会,【综合活动】,2023-06-01
http://kwhd.nankai.edu.cn/index/orderlist/type/5.aspx/p/3,综合活动,http://kwhd.nankai.edu.cn/index/orderview/id/15348.aspx,校园公益义卖宣传,【综合活动】,2023-05-28
http://kwhd.nankai.edu.cn/index/orderlist/type/5.aspx/p/3,综合活动,http://kwhd.nankai.edu.cn/index/orderview/id/15335.aspx,学生工作部活动,【综合活动】,2023-06-02
http://kwhd.nankai.edu.cn/index/orderlist/type/5.aspx/p/3,综合活动,http://kwhd.nankai.edu.cn/index/orderview/id/15332.aspx,组织部综合办公室（津南校区）换届面试,【综合活动】,2023-06-03
http://kwhd.nankai.edu.cn/index/orderlist/type/5.aspx/p/3,综合活动,http://kwhd.nankai.edu.cn/index/orderview/id/15331.aspx,团委组织部预定,【综合活动】,2023-06-03
http://kwhd.nankai.edu.cn/index/orderlist/type/5.aspx/p/3,综合活动,http://kwhd.nankai.edu.cn/index/orderview/id/15330.aspx,团委组织部预定,【综合活动】,2023-06-03
http://kwhd.nankai.edu.cn/index/orderlist/type/5.aspx/p/3,综合活动,http://kwhd.nankai.edu.cn/index/orderview/id/15329.aspx,自习室调研报告研究会,【综合活动】,2023-05-28
http://kwhd.nankai.edu.cn/index/orderlist/type/5.aspx/p/4,综合活动,http://kwhd.nankai.edu.cn/index/orderview/id/15326.aspx,文博专业分流&经验分享会,【综合活动】,2023-06-02
http://kwhd.nankai.edu.cn/index/orderlist/type/5.aspx/p/4,综合活动,http://kwhd.nankai.edu.cn/index/orderview/id/15324.aspx,团委学生课外活动指导中心综合办公部例会,【综合活动】,2023-05-26
http://kwhd.nankai.edu.cn/index/orderlist/type/5.aspx/p/4,综合活动,http://kwhd.nankai.edu.cn/index/orderview/id/15322.aspx,快乐随你 青春游园会,【综合活动】,2023-06-01
http://kwhd.nankai.edu.cn/index/orderlist/type/5.aspx/p/4,综合活动,http://kwhd.nankai.edu.cn/index/orderview/id/15321.aspx,校团委学生课外活动指导中心学术文化部例会,【综合活动】,2023-05-27
http://kwhd.nankai.edu.cn/index/orderlist/type/5.aspx/p/4,综合活动,http://kwhd.nankai.edu.cn/index/orderview/id/15319.aspx,“五色新丝缠角粽，神沼波深竞彩舟”端午文化体验活动,【综合活动】,2023-05-27
http://kwhd.nankai.edu.cn/index/orderlist/type/5.aspx/p/4,综合活动,http://kwhd.nankai.edu.cn/index/orderview/id/15318.aspx,化学学院团委实践部例会,【综合活动】,2023-05-26
http://kwhd.nankai.edu.cn/index/orderlist/type/5.aspx/p/4,综合活动,http://kwhd.nankai.edu.cn/index/orderview/id/15317.aspx,国乐相声协会线下放票,【综合活动】,2023-06-02
http://kwhd.nankai.edu.cn/index/orderlist/type/5.aspx/p/4,综合活动,http://kwhd.nankai.edu.cn/index/orderview/id/15316.aspx,国乐相声协会线下放票,【综合活动】,2023-06-01
http://kwhd.nankai.edu.cn/index/orderlist/type/5.aspx/p/4,综合活动,http://kwhd.nankai.edu.cn/index/orderview/id/15315.aspx,国乐相声协会线下放票,【综合活动】,2023-05-31
http://kwhd.nankai.edu.cn/index/orderlist/type/5.aspx/p/4,综合活动,http://kwhd.nankai.edu.cn/index/orderview/id/15314.aspx,国乐相声协会线下放票,【综合活动】,2023-05-30
http://kwhd.nankai.edu.cn/index/orderlist/type/5.aspx/p/5,综合活动,http://kwhd.nankai.edu.cn/index/orderview/id/15313.aspx,国乐相声协会线下放票,【综合活动】,2023-05-29
http://kwhd.nankai.edu.cn/index/orderlist/type/5.aspx/p/5,综合活动,http://kwhd.nankai.edu.cn/index/orderview/id/15304.aspx,本科生学习沙龙 | 超级“码”力，创意无限,【综合活动】,2023-06-01
http://kwhd.nankai.edu.cn/index/orderlist/type/5.aspx/p/5,综合活动,http://kwhd.nankai.edu.cn/index/orderview/id/15302.aspx,第三届“天仲＆律协杯”模拟仲裁庭大赛,【综合活动】,2023-05-27
http://kwhd.nankai.edu.cn/index/orderlist/type/5.aspx/p/5,综合活动,http://kwhd.nankai.edu.cn/index/orderview/id/15301.aspx,第三届“天仲＆律协杯”模拟仲裁庭大赛,【综合活动】,2023-05-26
http://kwhd.nankai.edu.cn/index/orderlist/type/5.aspx/p/5,综合活动,http://kwhd.nankai.edu.cn/index/orderview/id/15300.aspx,第24届津南校区换届大会,【综合活动】,2023-06-04
http://kwhd.nankai.edu.cn/index/orderlist/type/5.aspx/p/5,综合活动,http://kwhd.nankai.edu.cn/index/orderview/id/15298.aspx,新觉悟社“愉悦身心，共战期末”海谈会,【综合活动】,2023-05-28
http://kwhd.nankai.edu.cn/index/orderlist/type/5.aspx/p/5,综合活动,http://kwhd.nankai.edu.cn/index/orderview/id/15297.aspx,西部温暖计划（八里台校区）,【综合活动】,2023-05-28
http://kwhd.nankai.edu.cn/index/orderlist/type/5.aspx/p/5,综合活动,http://kwhd.nankai.edu.cn/index/orderview/id/15296.aspx,西部温暖计划（八里台校区）,【综合活动】,2023-05-27
http://kwhd.nankai.edu.cn/index/orderlist/type/5.aspx/p/5,综合活动,http://kwhd.nankai.edu.cn/index/orderview/id/15295.aspx,团委学生课外活动指导中心学术文化部例会,【综合活动】,2023-05-27
http://kwhd.nankai.edu.cn/index/orderlist/type/5.aspx/p/5,综合活动,http://kwhd.nankai.edu.cn/index/orderview/id/15294.aspx,工作研讨会,【综合活动】,2023-05-26
http://kwhd.nankai.edu.cn/index/orderlist/type/5.aspx/p/6,综合活动,http://kwhd.nankai.edu.cn/index/orderview/id/15291.aspx,新长城南开大学自强社八里台校区部门负责人换届,【综合活动】,2023-05-27
http://kwhd.nankai.edu.cn/index/orderlist/type/5.aspx/p/6,综合活动,http://kwhd.nankai.edu.cn/index/orderview/id/15288.aspx,就业派遣培训,【综合活动】,2023-05-26
http://kwhd.nankai.edu.cn/index/orderlist/type/5.aspx/p/6,综合活动,http://kwhd.nankai.edu.cn/index/orderview/id/15285.aspx,南开大学“一站式”学生社区“百花齐放，筑梦青春”舞台秀门票发放,【综合活动】,2023-05-24
http://kwhd.nankai.edu.cn/index/orderlist/type/5.aspx/p/6,综合活动,http://kwhd.nankai.edu.cn/index/orderview/id/15284.aspx,南开大学“一站式”学生社区“百花齐放，筑梦青春”舞台秀门票发放,【综合活动】,2023-05-24
http://kwhd.nankai.edu.cn/index/orderlist/type/5.aspx/p/6,综合活动,http://kwhd.nankai.edu.cn/index/orderview/id/15280.aspx,数学建模入门与提升,【综合活动】,2023-05-24
http://kwhd.nankai.edu.cn/index/orderlist/type/5.aspx/p/6,综合活动,http://kwhd.nankai.edu.cn/index/orderview/id/15278.aspx,办公部实践部组会,【综合活动】,2023-05-28
http://kwhd.nankai.edu.cn/index/orderlist/type/5.aspx/p/6,综合活动,http://kwhd.nankai.edu.cn/index/orderview/id/15277.aspx,历史文化节系列活动――初夏市集,【综合活动】,2023-05-28
http://kwhd.nankai.edu.cn/index/orderlist/type/5.aspx/p/6,综合活动,http://kwhd.nankai.edu.cn/index/orderview/id/15276.aspx,校团委组织部综合办公室（八里台）留任面试,【综合活动】,2023-05-28
http://kwhd.nankai.edu.cn/index/orderlist/type/5.aspx/p/6,综合活动,http://kwhd.nankai.edu.cn/index/orderview/id/15275.aspx,旅游与服务学院体育部例会,【综合活动】,2023-05-28
http://kwhd.nankai.edu.cn/index/orderlist/type/5.aspx/p/6,综合活动,http://kwhd.nankai.edu.cn/index/orderview/id/15274.aspx,"""心芯相印“夏日游园会",【综合活动】,2023-05-25
http://kwhd.nankai.edu.cn/index/orderlist/type/5.aspx/p/7,综合活动,http://kwhd.nankai.edu.cn/index/orderview/id/15273.aspx,西部温暖计划（津南校区）,【综合活动】,2023-05-28
http://kwhd.nankai.edu.cn/index/orderlist/type/5.aspx/p/7,综合活动,http://kwhd.nankai.edu.cn/index/orderview/id/15272.aspx,西部温暖计划（津南校区）,【综合活动】,2023-05-27
http://kwhd.nankai.edu.cn/index/orderlist/type/5.aspx/p/7,综合活动,http://kwhd.nankai.edu.cn/index/orderview/id/15271.aspx,西部温暖计划（津南校区）,【综合活动】,2023-05-28
http://kwhd.nankai.edu.cn/index/orderlist/type/5.aspx/p/7,综合活动,http://kwhd.nankai.edu.cn/index/orderview/id/15270.aspx,西部温暖计划（津南校区）,【综合活动】,2023-05-27
http://kwhd.nankai.edu.cn/index/orderlist/type/5.aspx/p/7,综合活动,http://kwhd.nankai.edu.cn/index/orderview/id/15267.aspx,副书记会,【综合活动】,2023-05-23
http://kwhd.nankai.edu.cn/index/orderlist/type/5.aspx/p/7,综合活动,http://kwhd.nankai.edu.cn/index/orderview/id/15265.aspx,涂鸦,【综合活动】,2023-05-25
http://kwhd.nankai.edu.cn/index/orderlist/type/5.aspx/p/7,综合活动,http://kwhd.nankai.edu.cn/index/orderview/id/15263.aspx,组织部组建办公室（津南）留任面试,【综合活动】,2023-05-28
http://kwhd.nankai.edu.cn/index/orderlist/type/5.aspx/p/7,综合活动,http://kwhd.nankai.edu.cn/index/orderview/id/15262.aspx,校团委组织部组建办公室（八里台）面试,【综合活动】,2023-05-27
http://kwhd.nankai.edu.cn/index/orderlist/type/5.aspx/p/7,综合活动,http://kwhd.nankai.edu.cn/index/orderview/id/15261.aspx,课指换届面试,【综合活动】,2023-05-27
http://kwhd.nankai.edu.cn/index/orderlist/type/5.aspx/p/7,综合活动,http://kwhd.nankai.edu.cn/index/orderview/id/15254.aspx,议事决策机制调研工作会,【综合活动】,2023-05-24
http://kwhd.nankai.edu.cn/index/orderlist/type/5.aspx/p/8,综合活动,http://kwhd.nankai.edu.cn/index/orderview/id/15253.aspx,组织部组建办公室例会,【综合活动】,2023-05-28
http://kwhd.nankai.edu.cn/index/orderlist/type/5.aspx/p/8,综合活动,http://kwhd.nankai.edu.cn/index/orderview/id/15251.aspx,余华《活着》共读会,【综合活动】,2023-05-21
http://kwhd.nankai.edu.cn/index/orderlist/type/5.aspx/p/8,综合活动,http://kwhd.nankai.edu.cn/index/orderview/id/15247.aspx,社团中心换届面试,【综合活动】,2023-05-28
http://kwhd.nankai.edu.cn/index/orderlist/type/5.aspx/p/8,综合活动,http://kwhd.nankai.edu.cn/index/orderview/id/15238.aspx,八里台放映,【综合活动】,2023-05-20
http://kwhd.nankai.edu.cn/index/orderlist/type/5.aspx/p/8,综合活动,http://kwhd.nankai.edu.cn/index/orderview/id/15237.aspx,旅游与服务学院师生下午茶,【综合活动】,2023-05-25
http://kwhd.nankai.edu.cn/index/orderlist/type/5.aspx/p/8,综合活动,http://kwhd.nankai.edu.cn/index/orderview/id/15236.aspx,旅游与服务学院师生下午茶,【综合活动】,2023-06-01
http://kwhd.nankai.edu.cn/index/orderlist/type/5.aspx/p/8,综合活动,http://kwhd.nankai.edu.cn/index/orderview/id/15235.aspx,经济学院“明灯计划”朋辈经验分享专场,【综合活动】,2023-05-20
http://kwhd.nankai.edu.cn/index/orderlist/type/5.aspx/p/8,综合活动,http://kwhd.nankai.edu.cn/index/orderview/id/15234.aspx,公益义卖志愿者场务会议,【综合活动】,2023-05-23
http://kwhd.nankai.edu.cn/index/orderlist/type/5.aspx/p/8,综合活动,http://kwhd.nankai.edu.cn/index/orderview/id/15230.aspx,《红色的天空》线下放票（第2场）,【综合活动】,2023-05-30
http://kwhd.nankai.edu.cn/index/orderlist/type/5.aspx/p/8,综合活动,http://kwhd.nankai.edu.cn/index/orderview/id/15229.aspx,《红色的天空》线下放票,【综合活动】,2023-05-29
http://kwhd.nankai.edu.cn/index/orderlist/type/5.aspx/p/9,综合活动,http://kwhd.nankai.edu.cn/index/orderview/id/15228.aspx,“写给老去后的自己”《红色的天空》线下宣传,【综合活动】,2023-05-22
http://kwhd.nankai.edu.cn/index/orderlist/type/5.aspx/p/9,综合活动,http://kwhd.nankai.edu.cn/index/orderview/id/15226.aspx,心理知识竞赛,【综合活动】,2023-05-25
http://kwhd.nankai.edu.cn/index/orderlist/type/5.aspx/p/9,综合活动,http://kwhd.nankai.edu.cn/index/orderview/id/15225.aspx,团宣活动,【综合活动】,2023-05-31
http://kwhd.nankai.edu.cn/index/orderlist/type/5.aspx/p/9,综合活动,http://kwhd.nankai.edu.cn/index/orderview/id/15224.aspx,团宣活动,【综合活动】,2023-05-31
http://kwhd.nankai.edu.cn/index/orderlist/type/5.aspx/p/9,综合活动,http://kwhd.nankai.edu.cn/index/orderview/id/15223.aspx,团宣活动,【综合活动】,2023-05-28
http://kwhd.nankai.edu.cn/index/orderlist/type/5.aspx/p/9,综合活动,http://kwhd.nankai.edu.cn/index/orderview/id/15222.aspx,团宣、网新、青马决策层换届面试,【综合活动】,2023-05-28
http://kwhd.nankai.edu.cn/index/orderlist/type/5.aspx/p/9,综合活动,http://kwhd.nankai.edu.cn/index/orderview/id/15221.aspx,团宣、网新、青马决策层换届面试,【综合活动】,2023-06-03
http://kwhd.nankai.edu.cn/index/orderlist/type/5.aspx/p/9,综合活动,http://kwhd.nankai.edu.cn/index/orderview/id/15220.aspx,团宣、网新、青马协调层换届面试,【综合活动】,2023-05-28
http://kwhd.nankai.edu.cn/index/orderlist/type/5.aspx/p/9,综合活动,http://kwhd.nankai.edu.cn/index/orderview/id/15219.aspx,团宣、网新、青马协调层换届面试,【综合活动】,2023-05-28
http://kwhd.nankai.edu.cn/index/orderlist/type/5.aspx/p/9,综合活动,http://kwhd.nankai.edu.cn/index/orderview/id/15215.aspx,校团委学生课外活动指导中心换届面试,【综合活动】,2023-05-28
